record,idx,peak_val,width,rise_fall,rr_prev_ms,beat_count,sqi,motion,bpm,tp,nearest_gold_ms,nearest_gold_abs_ms
1,52,24456.425453817115,17,14.0,0.0,1,0.4390850455333388,0,0,False,-1220.0,1220.0
1,705,28501.060874868843,17,14.0,1306.0,2,0.986597726740765,0,0,True,86.0,86.0
1,1385,28895.243557030626,17,14.0,1360.0,3,0.9896825151162484,0,0,True,86.0,86.0
1,2043,25882.770148006945,17,14.0,1316.0,4,0.989254453336686,0,0,True,86.0,86.0
1,2685,29835.4328456531,16,13.0,1284.0,5,0.9901672941789585,0,0,True,86.0,86.0
1,3356,29086.79512572749,17,14.0,1342.0,6,0.9922623073901666,0,0,True,84.0,84.0
1,4012,25558.93192573463,16,13.0,1312.0,7,0.9929411483065392,0,0,True,86.0,86.0
1,4667,30075.94683071343,16,13.0,1310.0,8,0.993931247353576,0,0,False,1396.0,1396.0
2,74,328.8949883582476,22,19.0,0.0,1,0.43617459133777403,0,0,False,-990.0,990.0
2,318,499.2633144600697,31,28.0,488.0,2,0.9999977447073211,0,0,False,-502.0,502.0
2,588,2810.611270723253,9,6.0,540.0,3,0.9854071711937151,0,0,True,38.0,38.0
2,1034,2902.445124049739,9,6.0,892.0,4,0.9719174869677532,0,0,True,38.0,38.0
2,1507,16615.816397074952,23,20.0,946.0,5,0.966100645739905,0,0,True,96.0,96.0
2,1929,3224.4289533510005,9,6.0,844.0,6,0.9757913994257557,0,0,True,38.0,38.0
2,2407,13877.099787003794,13,10.0,956.0,7,0.9674771361162697,0,0,True,76.0,76.0
2,2863,15857.570638229716,13,10.0,912.0,8,0.9709181286928297,0,0,True,74.0,74.0
2,3303,3333.2704497848013,9,6.0,880.0,9,0.9759996907453594,0,0,True,38.0,38.0
2,3790,14608.252693430088,13,10.0,974.0,10,0.9745940232697101,0,0,True,74.0,74.0
2,4255,18504.063596617554,13,10.0,930.0,11,0.9788929619877824,0,0,True,74.0,74.0
2,4707,3225.917878639332,9,6.0,904.0,12,0.9828861466338396,0,0,False,978.0,978.0
3,52,64.65924261608305,21,18.0,0.0,1,0.4390850455333388,0,0,False,-1186.0,1186.0
3,368,58.37331713782786,17,14.0,632.0,2,0.9999999237132117,0,0,False,-554.0,554.0
3,663,7856.245532019479,11,8.0,590.0,3,0.9977687010179059,0,0,True,36.0,36.0
3,1134,48062.8934428446,15,12.0,942.0,4,0.994568080396505,0,0,True,80.0,80.0
3,1557,8298.325458719268,11,8.0,846.0,5,0.9948159041820773,0,0,True,36.0,36.0
3,2007,8333.478099162741,11,8.0,900.0,6,0.9938599754525959,0,0,True,36.0,36.0
3,2477,46563.43136513562,14,11.0,940.0,7,0.9927587048316262,0,0,True,80.0,80.0
3,2927,47408.21554587214,14,11.0,900.0,8,0.9938745741995598,0,0,True,76.0,76.0
3,3377,44662.781911191196,15,12.0,900.0,9,0.9948806563304312,0,0,True,78.0,78.0
3,3827,47046.052828812724,14,11.0,900.0,10,0.9957376126496187,0,0,True,80.0,80.0
3,4282,43977.23512645306,14,11.0,910.0,11,0.9962207239950205,0,0,True,80.0,80.0
3,4720,8699.9473294354,11,8.0,876.0,12,0.9964567837643292,0,0,False,956.0,956.0
4,45,6485.168546991312,26,23.0,0.0,1,0.44094358113941706,0,0,False,-982.0,982.0
4,507,253.68571548472187,25,22.0,924.0,2,0.9752107144658974,0,0,True,-58.0,58.0
4,993,413.64082564350775,17,14.0,972.0,3,0.9563027902805052,0,0,True,-60.0,60.0
4,1484,373.43962654184304,21,18.0,982.0,4,0.9226217212803586,0,0,True,-56.0,56.0
4,1980,358.92741714118085,16,13.0,992.0,5,0.9235545686945504,0,0,True,-64.0,64.0
4,2481,396.37060349700107,18,15.0,1002.0,6,0.9061310241755155,0,0,True,-64.0,64.0
4,2722,239.53498765529835,55,52.0,482.0,7,0.8979924908646995,0,0,False,418.0,418.0
4,2974,494.4868794608803,15,12.0,504.0,8,0.895725920926044,0,0,True,-74.0,74.0
4,3467,268.0083433145495,16,13.0,986.0,9,0.9181875392093044,0,0,True,-56.0,56.0
4,3950,237.394240760037,19,16.0,966.0,10,0.920724285223881,0,0,True,-50.0,50.0
4,4429,479.30690306942336,17,14.0,958.0,11,0.9047846920399,0,0,True,-64.0,64.0
4,4911,361.10060093343435,14,11.0,964.0,12,0.8989991205488795,0,0,False,900.0,900.0
5,57,2277.221987587828,16,13.0,0.0,1,0.43811175230545174,0,0,False,-1884.0,1884.0
5,420,590.8227701167191,15,12.0,726.0,2,0.9860071720143221,0,0,False,-1158.0,1158.0
5,670,373.5304118098302,71,68.0,500.0,3,0.9914000203376087,0,0,False,-658.0,658.0
5,978,808.9304714296702,15,12.0,616.0,4,0.9883524984408636,0,0,True,-42.0,42.0
5,1231,396.10593201975576,79,76.0,506.0,5,0.9904187517626559,0,0,False,464.0,464.0
5,1492,528.7490768135416,17,14.0,522.0,6,0.9826340704020716,0,0,True,-36.0,36.0
5,1739,534.3306055344702,70,67.0,494.0,7,0.9863616404843005,0,0,False,458.0,458.0
5,2004,728.3465830747962,15,12.0,530.0,8,0.9857821314763157,0,0,True,-40.0,40.0
5,2253,494.51194727981544,72,69.0,498.0,9,0.98836930319597,0,0,False,458.0,458.0
5,2527,642.9718911714644,14,11.0,548.0,10,0.9888165601205747,0,0,True,-44.0,44.0
5,2778,519.5274273365435,70,67.0,502.0,11,0.9856156564093093,0,0,False,458.0,458.0
5,3057,520.0285013322681,14,11.0,558.0,12,0.9835904036134466,0,0,True,-42.0,42.0
5,3309,423.0678623763198,75,72.0,504.0,13,0.9791116227555169,0,0,False,462.0,462.0
5,3557,525.6361324973875,15,12.0,496.0,14,0.9787625537957639,0,0,True,-42.0,42.0
5,3807,486.44944979640934,71,68.0,500.0,15,0.9759006092652958,0,0,False,458.0,458.0
5,4063,599.1022352293064,15,12.0,512.0,16,0.9764055623516071,0,0,True,-42.0,42.0
5,4313,455.849593943108,70,67.0,500.0,17,0.972872628552097,0,0,False,458.0,458.0
5,4578,686.5087363724579,15,12.0,530.0,18,0.9726003240053263,0,0,False,988.0,988.0
5,4830,368.09828357999726,73,70.0,504.0,19,0.9699621207201221,0,0,False,1492.0,1492.0
6,52,1791.2150754855418,23,20.0,0.0,1,0.4390850455333388,0,0,False,-1418.0,1418.0
6,780,7146.214504213416,10,7.0,1456.0,2,0.9931788902348041,0,0,True,38.0,38.0
6,1358,7741.431950087247,10,7.0,1156.0,3,0.9876473682622114,0,0,True,38.0,38.0
6,1957,8024.403434549151,10,7.0,1198.0,4,0.985376796768829,0,0,True,40.0,40.0
6,2551,7337.626060145107,10,7.0,1188.0,5,0.9857702178417295,0,0,True,40.0,40.0
6,3146,7493.791672022009,10,7.0,1190.0,6,0.9859166334611202,0,0,True,38.0,38.0
6,3737,6812.3445087049095,10,7.0,1182.0,7,0.9898674277579076,0,0,True,38.0,38.0
6,4315,7423.733338343724,10,7.0,1156.0,8,0.9889901340638108,0,0,True,40.0,40.0
6,4903,7637.884610440948,10,7.0,1176.0,9,0.9893993791220237,0,0,False,1216.0,1216.0
7,52,7003.488379877292,31,28.0,0.0,1,0.4390850455333388,0,0,False,-1850.0,1850.0
7,461,2867.310021494723,15,12.0,818.0,2,0.9938570918708621,0,0,False,-1032.0,1032.0
7,702,489.1685361511767,68,65.0,482.0,3,0.9940054437856602,0,0,False,-550.0,550.0
7,963,2370.2617431771732,15,12.0,522.0,4,0.9932489679816269,0,0,True,-28.0,28.0
7,1204,603.0114215927879,68,65.0,482.0,5,0.9933906232668721,0,0,False,454.0,454.0
7,1467,2767.6223578521835,15,12.0,526.0,6,0.992542286365135,0,0,True,-26.0,26.0
7,1707,520.9709170056877,71,68.0,480.0,7,0.9923828339065711,0,0,True,-134.0,134.0
7,1952,1356.532966164017,19,16.0,490.0,8,0.995664769218098,0,0,False,356.0,356.0
7,2336,2149.946648894212,16,13.0,768.0,9,0.9965371993271159,0,0,True,-24.0,24.0
7,2844,2361.5435394881115,16,13.0,1016.0,10,0.9867268152222997,0,0,True,-24.0,24.0
7,3344,3023.377069458313,15,12.0,1000.0,11,0.9814313245229993,0,0,True,-26.0,26.0
7,3844,2357.106515359769,14,11.0,1000.0,12,0.9705609896393312,0,0,True,-30.0,30.0
7,4085,551.6501155518561,66,63.0,482.0,13,0.9696878417481667,0,0,False,452.0,452.0
7,4339,2554.1530186255713,15,12.0,508.0,14,0.966766632459202,0,0,True,-26.0,26.0
7,4579,480.05757430471715,65,62.0,480.0,15,0.9656377172525292,0,0,False,454.0,454.0
7,4844,2240.39332381112,15,12.0,530.0,16,0.9680873424188161,0,0,False,984.0,984.0
8,50,708.9478497305246,18,15.0,0.0,1,0.43954985172910005,0,0,False,-1260.0,1260.0
8,300,5546.321922927876,12,9.0,500.0,2,0.9999967158866923,0,0,False,-760.0,760.0
8,718,7018.899159950895,12,9.0,836.0,3,0.9916561940163913,0,0,True,76.0,76.0
8,1135,6156.887771499181,11,8.0,834.0,4,0.9874322657638808,0,0,True,74.0,74.0
8,1481,2497.935498939133,9,6.0,692.0,5,0.9857341439875839,0,0,True,40.0,40.0
8,1906,11165.68297767778,14,11.0,850.0,6,0.9803484058114298,0,0,True,80.0,80.0
8,2329,1161.8010290637549,15,12.0,846.0,7,0.9826232582983558,0,0,True,34.0,34.0
8,2795,12695.151811807189,19,16.0,932.0,8,0.9759440273843388,0,0,True,120.0,120.0
8,3216,13913.528277904901,18,15.0,842.0,9,0.9687177520875465,0,0,True,120.0,120.0
8,3616,10717.480451093254,12,9.0,800.0,10,0.9639606329336778,0,0,True,76.0,76.0
8,4038,6446.775491770002,12,9.0,844.0,11,0.9588239393596493,0,0,True,76.0,76.0
8,4482,12682.42657867376,18,15.0,888.0,12,0.9558945729352614,0,0,True,118.0,118.0
8,4882,11218.298108434274,12,9.0,800.0,13,0.9605208600375089,0,0,False,918.0,918.0
9,57,187.25270527614734,18,15.0,0.0,1,0.43811175230545174,0,0,False,-1366.0,1366.0
9,307,638.8993278648843,34,31.0,500.0,2,0.9999935285596597,0,0,False,-866.0,866.0
9,667,114.65475145888918,14,11.0,720.0,3,0.9978253047604859,0,0,True,-146.0,146.0
9,911,885.8633997692168,19,16.0,488.0,4,0.9998368084091829,0,0,False,342.0,342.0
9,1176,5693.68902374461,9,6.0,530.0,5,0.987345931778274,0,0,True,40.0,40.0
9,1590,7299.476448180688,10,7.0,828.0,6,0.9735498905591466,0,0,True,40.0,40.0
9,2006,6396.334913031891,9,6.0,832.0,7,0.9608150036302936,0,0,True,40.0,40.0
9,2432,5551.818905578175,10,7.0,852.0,8,0.9470758548282958,0,0,True,40.0,40.0
9,2859,7149.585819291713,10,7.0,854.0,9,0.9376528002764744,0,0,True,40.0,40.0
9,3302,26590.862029523007,17,14.0,886.0,10,0.9406809455931535,0,0,True,82.0,82.0
9,3732,21372.20590148653,15,12.0,860.0,11,0.9501332315348986,0,0,True,80.0,80.0
9,4152,5178.082256604546,9,6.0,840.0,12,0.9560850444479458,0,0,True,40.0,40.0
9,4619,27697.272992619,20,17.0,934.0,13,0.9534398084436488,0,0,False,974.0,974.0
10,51,1099.8035922677466,32,29.0,0.0,1,0.4393114895774276,0,0,False,-1306.0,1306.0
10,296,2035.7358301253528,74,71.0,490.0,2,0.9999978577129179,0,0,False,-816.0,816.0
10,710,801.5531874529833,8,5.0,828.0,3,0.9907891643731966,0,0,True,12.0,12.0
10,1228,9999.361454393616,23,20.0,1036.0,4,0.9734467060295665,0,0,True,78.0,78.0
10,1692,7470.776603338936,9,6.0,928.0,5,0.969455554981834,0,0,True,44.0,44.0
10,2157,867.9044970118457,8,5.0,930.0,6,0.9667132516428332,0,0,True,14.0,14.0
10,2684,16381.196236166757,16,13.0,1054.0,7,0.9611051924239126,0,0,True,78.0,78.0
10,3178,12371.952276681815,23,20.0,988.0,8,0.957371863341155,0,0,True,80.0,80.0
10,3654,5061.678544508699,10,7.0,952.0,9,0.9565487769545248,0,0,True,42.0,42.0
10,4154,14125.286406995587,21,18.0,1000.0,10,0.9506872036118247,0,0,True,78.0,78.0
10,4649,11003.136785665165,23,20.0,990.0,11,0.9524015234603117,0,0,False,1068.0,1068.0
11,52,212.4682869526407,32,29.0,0.0,1,0.4390850455333388,0,0,False,-1460.0,1460.0
11,309,19370.804028340244,13,10.0,514.0,2,0.9980861157657356,0,0,False,-946.0,946.0
11,832,20989.133694756085,24,21.0,1046.0,3,0.9838555657909899,0,0,True,100.0,100.0
11,1328,17756.41493244384,12,9.0,992.0,4,0.9770312066679259,0,0,True,74.0,74.0
11,1837,17427.854232715796,12,9.0,1018.0,5,0.9756395381953353,0,0,True,74.0,74.0
11,2353,17520.593543715513,24,21.0,1032.0,6,0.9713105050590569,0,0,True,100.0,100.0
11,2850,16551.910939139903,24,21.0,994.0,7,0.9725676899362107,0,0,True,100.0,100.0
11,3330,12989.138199347868,12,9.0,960.0,8,0.9731941579008704,0,0,True,74.0,74.0
11,3825,17613.387190677822,12,9.0,990.0,9,0.9713378933472596,0,0,True,74.0,74.0
11,4300,3869.4019967413806,9,6.0,950.0,10,0.9708682373697786,0,0,True,40.0,40.0
11,4793,2902.901215719341,9,6.0,986.0,11,0.9696771156683945,0,0,False,1026.0,1026.0
12,51,1878.495869911006,31,28.0,0.0,1,0.4393114895774276,0,0,False,-1466.0,1466.0
12,303,4524.64082150875,24,21.0,504.0,2,0.9914232767293379,0,0,False,-962.0,962.0
12,762,259.2093757878341,14,11.0,918.0,3,0.982517449251707,0,0,True,-44.0,44.0
12,1016,278.1389029819506,72,69.0,508.0,4,0.977826119918847,0,0,False,464.0,464.0
12,1316,232.98667667872655,12,9.0,600.0,5,0.9754530867321706,0,0,True,-48.0,48.0
12,1867,315.52008137274936,15,12.0,1102.0,6,0.9630950273905748,0,0,True,-36.0,36.0
12,2454,221.38583358493173,16,13.0,1174.0,7,0.962272052072359,0,0,True,-40.0,40.0
12,2707,230.87502814450005,77,74.0,506.0,8,0.95823667394688,0,0,False,466.0,466.0
12,3035,331.65352674392227,14,11.0,656.0,9,0.9621075165991754,0,0,True,-42.0,42.0
12,3615,251.2248162189175,14,11.0,1160.0,10,0.9601575775167053,0,0,True,-42.0,42.0
12,3865,284.15132379556627,77,74.0,500.0,11,0.9556332945290841,0,0,False,458.0,458.0
12,4187,275.33886123446825,14,11.0,644.0,12,0.9624064727204409,0,0,True,-38.0,38.0
12,4437,247.4081480469818,72,69.0,500.0,13,0.9588454457140001,0,0,False,462.0,462.0
12,4737,244.31502409731578,13,10.0,600.0,14,0.9608519526777228,0,0,False,1062.0,1062.0
12,4995,202.26098355754138,75,72.0,516.0,15,0.9569511413463501,0,0,False,1578.0,1578.0
13,52,642.8118665517418,29,26.0,0.0,1,0.4390850455333388,0,0,False,-1742.0,1742.0
13,304,14.525301907029174,22,19.0,504.0,2,0.9999952698738082,0,0,False,-1238.0,1238.0
13,592,32.92505783212517,30,27.0,576.0,3,0.9999999383122629,0,0,False,-662.0,662.0
13,969,25307.01979250379,30,27.0,754.0,4,0.987049249822897,0,0,True,92.0,92.0
13,1446,14203.232393189217,13,10.0,954.0,5,0.9880426579131419,0,0,True,42.0,42.0
13,1984,30885.588447226473,30,27.0,1076.0,6,0.9846700694119077,0,0,True,88.0,88.0
13,2495,26098.61736764234,31,28.0,1022.0,7,0.9870960654123657,0,0,True,90.0,90.0
13,3005,33086.89246927653,30,27.0,1020.0,8,0.9873621470236947,0,0,True,90.0,90.0
13,3521,27648.397929378774,29,26.0,1032.0,9,0.9905391464139597,0,0,True,92.0,92.0
13,4028,28531.503559317644,23,20.0,1014.0,10,0.9919943065549702,0,0,True,90.0,90.0
13,4545,29668.086147425365,22,19.0,1034.0,11,0.9925859177158648,0,0,False,1124.0,1124.0
14,52,31.814764718081243,32,29.0,0.0,1,0.4390850455333388,0,0,False,-944.0,944.0
14,330,80.9487943300498,30,27.0,556.0,2,0.9999995157921012,0,0,False,-388.0,388.0
14,586,26217.737712952814,38,35.0,512.0,3,0.9983881155547797,0,0,True,124.0,124.0
14,928,32294.681481139676,17,14.0,684.0,4,0.9977627147845739,0,0,True,84.0,84.0
14,1291,31775.45492392865,16,13.0,726.0,5,0.9966776841742981,0,0,True,84.0,84.0
14,1650,30887.2833539245,16,13.0,718.0,6,0.9968929181993116,0,0,True,84.0,84.0
14,2014,30154.555477149814,16,13.0,728.0,7,0.9968578168501516,0,0,True,84.0,84.0
14,2370,31717.363446589316,16,13.0,712.0,8,0.9969429399905261,0,0,True,82.0,82.0
14,2724,33109.320282754525,16,13.0,708.0,9,0.9969792726942703,0,0,True,84.0,84.0
14,3058,8621.865809194596,10,7.0,668.0,10,0.9969908745189086,0,0,True,40.0,40.0
14,3422,8854.554434837552,10,7.0,728.0,11,0.996630525750556,0,0,True,40.0,40.0
14,3804,35603.76477411557,16,13.0,764.0,12,0.9958367238419584,0,0,True,82.0,82.0
14,4162,33011.90887119319,16,13.0,716.0,13,0.9962811759310878,0,0,True,82.0,82.0
14,4514,31381.20120565087,16,13.0,704.0,14,0.9964240928290826,0,0,True,82.0,82.0
14,4856,30964.890631653987,17,14.0,684.0,15,0.9965324093050968,0,0,False,766.0,766.0
15,65,155.3983726438445,31,28.0,0.0,1,0.43699123058508843,0,0,False,-1580.0,1580.0
15,320,537.1641141069158,33,30.0,510.0,2,0.9943824518020855,0,0,False,-1070.0,1070.0
15,774,74.46152500709327,13,10.0,908.0,3,0.9812045510212353,0,0,False,-162.0,162.0
15,1270,390.13215742816243,14,11.0,992.0,4,0.9952005720007997,0,0,True,-118.0,118.0
15,1805,4397.047255382773,9,6.0,1070.0,5,0.9772657113701516,0,0,True,42.0,42.0
15,2311,8741.40561976517,13,10.0,1012.0,6,0.9730780693345051,0,0,True,72.0,72.0
15,2776,11608.338174303895,13,10.0,930.0,7,0.9670128742799513,0,0,True,74.0,74.0
15,3220,4533.961669692572,9,6.0,888.0,8,0.9689930049122522,0,0,True,42.0,42.0
15,3700,11885.203193401601,12,9.0,960.0,9,0.9645094853625711,0,0,True,72.0,72.0
15,4199,8540.827886876727,13,10.0,998.0,10,0.9685535736106146,0,0,True,72.0,72.0
15,4652,5193.516146524597,9,6.0,906.0,11,0.9699142089522877,0,0,False,978.0,978.0
16,53,54.875625525056385,19,16.0,0.0,1,0.43886992369145444,0,0,False,-1158.0,1158.0
16,307,2590.300795566436,76,73.0,508.0,2,0.9999982886757024,0,0,False,-650.0,650.0
16,651,7008.09666602029,9,6.0,688.0,3,0.9911510130421312,0,0,True,38.0,38.0
16,1085,25035.80160502092,15,12.0,868.0,4,0.9818676968791964,0,0,True,78.0,78.0
16,1521,25132.82590354578,16,13.0,872.0,5,0.9699655374466611,0,0,True,80.0,80.0
16,1909,7472.957359488736,9,6.0,776.0,6,0.96627094769473,0,0,True,38.0,38.0
16,2340,23272.2229487688,15,12.0,862.0,7,0.9604276254771025,0,0,True,76.0,76.0
16,2706,6024.428688232298,9,6.0,732.0,8,0.958983376686915,0,0,True,36.0,36.0
16,3123,23088.653530231506,14,11.0,834.0,9,0.9535698156532948,0,0,True,76.0,76.0
16,3514,4624.436913594791,10,7.0,782.0,10,0.9547295734642399,0,0,True,38.0,38.0
16,3945,21222.440565106885,16,13.0,862.0,11,0.9539166623801255,0,0,True,82.0,82.0
16,4335,6397.821346089903,10,7.0,780.0,12,0.9563907465149749,0,0,True,38.0,38.0
16,4757,5925.615796557708,9,6.0,844.0,13,0.9555792479940556,0,0,False,882.0,882.0
17,52,3985.6087808579023,19,16.0,0.0,1,0.4390850455333388,0,0,False,-1452.0,1452.0
17,295,443.91136945264145,14,11.0,486.0,2,0.9999973204582132,0,0,False,-966.0,966.0
17,544,2309.4932014193264,25,22.0,498.0,3,0.9999999162241084,0,0,False,-468.0,468.0
17,798,4511.162019519297,10,7.0,508.0,4,0.9787417284110665,0,0,True,40.0,40.0
17,1214,5064.607686022929,10,7.0,832.0,5,0.9437898015387804,0,0,True,42.0,42.0
17,1638,2460.2407367171654,9,6.0,848.0,6,0.928420987263924,0,0,True,40.0,40.0
17,2048,955.6917510979513,13,10.0,820.0,7,0.916690884452486,0,0,True,10.0,10.0
17,2507,2834.734606393426,11,8.0,918.0,8,0.9017201196030369,0,0,True,46.0,46.0
17,2937,4545.788079701282,25,22.0,860.0,9,0.8983921241795629,0,0,True,86.0,86.0
17,3243,1236.7699922912382,16,13.0,612.0,10,0.9005521361258572,0,0,True,-142.0,142.0
17,3492,1778.30391989341,28,25.0,498.0,11,0.9151511991197876,0,0,False,356.0,356.0
17,3752,3107.1565274551476,11,8.0,520.0,12,0.9068813299880186,0,0,True,48.0,48.0
17,4153,2494.578881424728,10,7.0,802.0,13,0.9001123570045007,0,0,True,42.0,42.0
17,4553,2503.9674393719515,10,7.0,800.0,14,0.8839937575602788,0,0,True,50.0,50.0
17,4949,2458.895559707295,11,8.0,792.0,15,0.8729283627295364,0,0,False,842.0,842.0
18,53,3735.2070476397994,25,22.0,0.0,1,0.43886992369145444,0,0,False,-1438.0,1438.0
18,373,262.43589051969167,22,19.0,640.0,2,0.992680432284942,0,0,False,-798.0,798.0
18,759,309.0824580786169,21,18.0,772.0,3,0.9828694090861518,0,0,True,-26.0,26.0
18,1138,260.2331362393736,22,19.0,758.0,4,0.9773909212099977,0,0,True,-24.0,24.0
18,1517,189.77305788157415,28,25.0,758.0,5,0.9710402256760006,0,0,True,-26.0,26.0
18,1951,45488.05031206518,16,13.0,868.0,6,0.9677928408791086,0,0,True,86.0,86.0
18,2306,13021.150800838946,11,8.0,710.0,7,0.9952538217339633,0,0,True,42.0,42.0
18,2687,11684.867348217149,10,7.0,762.0,8,0.9941103620278845,0,0,True,42.0,42.0
18,3067,12432.095549218513,10,7.0,760.0,9,0.9926662315509747,0,0,True,40.0,40.0
18,3467,47691.06800713823,16,13.0,800.0,10,0.9913871190030248,0,0,True,86.0,86.0
18,3823,12313.338675655865,10,7.0,712.0,11,0.9941185522105201,0,0,True,42.0,42.0
18,4203,11935.752889236679,10,7.0,760.0,12,0.9938808177363999,0,0,True,40.0,40.0
18,4582,13196.85311940808,11,8.0,758.0,13,0.9940699483573164,0,0,True,42.0,42.0
18,4961,13473.599802643157,10,7.0,758.0,14,0.9940422202351921,0,0,False,800.0,800.0
19,54,765.6573946089891,22,19.0,0.0,1,0.4386655579416643,0,0,False,-1692.0,1692.0
19,364,71.50535460097238,14,11.0,620.0,2,0.976318656447631,0,0,False,-1072.0,1072.0
19,652,62.112698954933954,120,118.0,576.0,3,0.9964153273290487,0,0,False,-496.0,496.0
19,918,8253.45428775301,11,8.0,532.0,4,0.9856935317490386,0,0,True,36.0,36.0
19,1433,40906.4426770464,15,12.0,1030.0,5,0.9843230248311196,0,0,True,80.0,80.0
19,1908,7396.551177180986,11,8.0,950.0,6,0.9876900753797955,0,0,True,36.0,36.0
19,2434,36185.14416028521,14,11.0,1052.0,7,0.9850011506821768,0,0,True,78.0,78.0
19,2909,6699.610420405008,10,7.0,950.0,8,0.9899349355893715,0,0,True,36.0,36.0
19,3416,34536.67471994391,15,12.0,1014.0,9,0.9896459905871242,0,0,True,82.0,82.0
19,3874,6774.546278052381,11,8.0,916.0,10,0.9915027799383872,0,0,True,36.0,36.0
19,4380,35366.666719380795,15,12.0,1012.0,11,0.9908423456193337,0,0,True,80.0,80.0
19,4875,36784.14145068789,15,12.0,990.0,12,0.9926532136583676,0,0,False,1070.0,1070.0
20,52,154.19926262293546,24,21.0,0.0,1,0.4390850455333388,0,0,False,-1740.0,1740.0
20,374,10.629506790741384,20,17.0,644.0,2,0.985370524147685,0,0,False,-1096.0,1096.0
20,635,82.81020888088153,19,16.0,522.0,3,0.9999464232077728,0,0,False,-574.0,574.0
20,962,42408.765524701754,15,12.0,654.0,4,0.9985594850281282,0,0,True,80.0,80.0
20,1428,42051.90934434519,14,11.0,932.0,5,0.9974989772292331,0,0,True,76.0,76.0
20,1901,40586.33718153247,15,12.0,946.0,6,0.9972533000769971,0,0,True,78.0,78.0
20,2367,39628.53514194059,14,11.0,932.0,7,0.9974107248250599,0,0,True,78.0,78.0
20,2808,7627.5754635587655,11,8.0,882.0,8,0.9974423642138477,0,0,True,38.0,38.0
20,3283,44417.715286014376,15,12.0,950.0,9,0.9969393502176228,0,0,True,78.0,78.0
20,3734,41946.60953686553,15,12.0,902.0,10,0.9971437508846691,0,0,True,78.0,78.0
20,4197,39636.13667379714,15,12.0,926.0,11,0.9974142661743336,0,0,True,80.0,80.0
20,4641,7456.860256072272,11,8.0,888.0,12,0.9976626426607452,0,0,False,968.0,968.0
21,45,5.29421839901193,14,11.0,0.0,1,0.44094358113941706,0,0,False,-1030.0,1030.0
21,314,6.961895916652374,19,16.0,538.0,2,0.9999991673120048,0,0,False,-492.0,492.0
21,579,2547.9341920692223,9,6.0,530.0,3,0.9915615684653547,0,0,True,38.0,38.0
21,1010,14667.030690927782,12,9.0,862.0,4,0.9820925715347179,0,0,True,72.0,72.0
21,1407,2115.656002793146,8,5.0,794.0,5,0.9821989088065665,0,0,True,36.0,36.0
21,1823,2304.0019158608993,9,6.0,832.0,6,0.9794010836618587,0,0,True,38.0,38.0
21,2264,19633.153281281768,25,22.0,882.0,7,0.9765893151063061,0,0,True,102.0,102.0
21,2644,2263.7123646183823,9,6.0,760.0,8,0.9809264207892152,0,0,True,34.0,34.0
21,3054,2168.4307223917717,9,6.0,820.0,9,0.9789560833724661,0,0,True,38.0,38.0
21,3462,2572.22450028861,9,6.0,816.0,10,0.9786067853880257,0,0,True,38.0,38.0
21,3874,2356.3151815629453,8,5.0,824.0,11,0.9778169776372648,0,0,True,38.0,38.0
21,4282,2203.263443947582,8,5.0,816.0,12,0.9756986846777249,0,0,True,36.0,36.0
21,4689,2478.250047667564,9,6.0,814.0,13,0.9753939755986091,0,0,False,850.0,850.0
22,51,4996.597575322579,10,7.0,0.0,1,0.4393114895774276,0,0,False,-802.0,802.0
22,407,473.005253052712,14,11.0,712.0,2,0.9954679340607202,0,0,True,-90.0,90.0
22,883,22909.215178468636,12,9.0,952.0,3,0.9734033209718745,0,0,True,76.0,76.0
22,1280,21850.32922735717,12,9.0,794.0,4,0.9697604666416634,0,0,True,76.0,76.0
22,1630,24060.954209084834,25,22.0,700.0,5,0.9649231978546159,0,0,True,102.0,102.0
22,2065,23475.224552343472,25,22.0,870.0,6,0.968665078520947,0,0,True,102.0,102.0
22,2425,20372.6953005168,25,22.0,720.0,7,0.9686342065846337,0,0,True,102.0,102.0
22,2830,20753.51838592723,24,21.0,810.0,8,0.9697453406480976,0,0,True,100.0,100.0
22,3220,26170.501040287356,25,22.0,780.0,9,0.9693547060716021,0,0,True,102.0,102.0
22,3638,23308.40901259957,25,22.0,836.0,10,0.9690828351631122,0,0,True,102.0,102.0
22,3995,18649.587643173418,12,9.0,714.0,11,0.9683310227612715,0,0,True,76.0,76.0
22,4426,20732.821875541,25,22.0,862.0,12,0.9654591337637675,0,0,True,104.0,104.0
22,4780,23654.774166656258,24,21.0,708.0,13,0.967180327779705,0,0,False,812.0,812.0
23,50,5.565192127054545,32,29.0,0.0,1,0.43954985172910005,0,0,False,-1340.0,1340.0
23,302,9494.176572288136,71,68.0,504.0,2,0.999998192585236,0,0,False,-836.0,836.0
23,738,2845.5835778775145,11,8.0,872.0,3,0.985176111084983,0,0,True,36.0,36.0
23,1252,2615.9270408000866,10,7.0,1028.0,4,0.97033404233511,0,0,True,34.0,34.0
23,1765,1828.8227670762121,11,8.0,1026.0,5,0.9588740381543809,0,0,True,36.0,36.0
23,2264,1128.5530542933593,11,8.0,998.0,6,0.9513354093794568,0,0,True,36.0,36.0
23,2764,2047.2671945714696,11,8.0,1000.0,7,0.9446156105857101,0,0,True,36.0,36.0
23,3260,1632.7113763497018,12,9.0,992.0,8,0.9377713871789726,0,0,True,34.0,34.0
23,3751,1664.1750546503044,11,8.0,982.0,9,0.9308601781882669,0,0,True,36.0,36.0
23,4256,2084.3390502934576,11,8.0,1010.0,10,0.9316812955133483,0,0,True,36.0,36.0
23,4768,1668.5363887653832,12,9.0,1024.0,11,0.9284446844384283,0,0,False,1060.0,1060.0
24,54,7162.389212717462,13,10.0,0.0,1,0.4386655579416643,0,0,False,-1206.0,1206.0
24,702,26219.20307885569,16,13.0,1296.0,2,0.982497498754076,0,0,True,90.0,90.0
24,1294,22488.44693533418,16,13.0,1184.0,3,0.9913856038257406,0,0,True,92.0,92.0
24,1890,21846.828541410785,16,13.0,1192.0,4,0.9940134424087136,0,0,True,92.0,92.0
24,2454,5179.371039326043,13,10.0,1128.0,5,0.9948704928701695,0,0,True,38.0,38.0
24,3068,28640.67104266123,17,14.0,1228.0,6,0.9950442561212636,0,0,True,90.0,90.0
24,3618,4982.11428683446,12,9.0,1100.0,7,0.9958927769669349,0,0,True,38.0,38.0
24,4229,4952.861136177422,12,9.0,1222.0,8,0.995732105910534,0,0,True,38.0,38.0
24,4829,6122.943194600643,12,9.0,1200.0,9,0.9943378859717654,0,0,False,1238.0,1238.0
25,52,3833.0864668200943,29,26.0,0.0,1,0.4390850455333388,0,0,False,-2016.0,2016.0
25,492,291.9586917603661,15,12.0,880.0,2,0.9952941025284119,0,0,False,-1136.0,1136.0
25,747,645.7633265594048,70,67.0,510.0,3,0.9921288855535112,0,0,False,-626.0,626.0
25,1035,277.2260075990685,15,12.0,576.0,4,0.9913133928762263,0,0,True,-50.0,50.0
25,1289,612.7379341781136,71,68.0,508.0,5,0.9894624875626257,0,0,False,458.0,458.0
25,1562,267.6500836768154,17,14.0,546.0,6,0.991254611855936,0,0,True,-40.0,40.0
25,1811,609.5079859298556,72,69.0,498.0,7,0.9898707766669141,0,0,False,458.0,458.0
25,2066,283.09617510521366,16,13.0,510.0,8,0.9897090131838681,0,0,True,-44.0,44.0
25,2316,618.177306796111,71,68.0,500.0,9,0.9882273283204069,0,0,False,456.0,456.0
25,2625,23065.447738674786,16,13.0,618.0,10,0.979904875109565,0,0,True,86.0,86.0
25,3095,21616.515011915017,16,13.0,940.0,11,0.9824255162861804,0,0,True,86.0,86.0
25,3579,22768.046774777584,16,13.0,968.0,12,0.9835188166444228,0,0,True,84.0,84.0
25,4089,22107.990026923297,16,13.0,1020.0,13,0.9839920883872791,0,0,True,86.0,86.0
25,4627,20929.6845713884,16,13.0,1076.0,14,0.9797846483730805,0,0,False,1162.0,1162.0
26,70,458.48332281984256,16,13.0,0.0,1,0.4364915982118431,0,0,False,-1576.0,1576.0
26,347,684.1404915181531,18,15.0,554.0,2,0.991864049322952,0,0,False,-1022.0,1022.0
26,624,165.70748669770472,88,85.0,554.0,3,0.9973807585431257,0,0,False,-468.0,468.0
26,871,4231.426897951269,16,13.0,494.0,4,0.9965489556688623,0,0,True,26.0,26.0
26,1322,603.7599652814091,19,16.0,902.0,5,0.9816144802966823,0,0,True,-46.0,46.0
26,1761,222.7777223291368,15,12.0,878.0,6,0.9631951940380952,0,0,True,-136.0,136.0
26,2321,3376.5277324181634,15,12.0,1120.0,7,0.9764739927693296,0,0,True,24.0,24.0
26,2759,748.4270874844335,20,17.0,876.0,8,0.9691913522908562,0,0,True,-48.0,48.0
26,3231,754.0923697623435,16,13.0,944.0,9,0.9453161902168756,0,0,True,-46.0,46.0
26,3734,4030.4545350216554,15,12.0,1006.0,10,0.9388086716406571,0,0,True,24.0,24.0
26,4186,3704.121505095508,16,13.0,904.0,11,0.9355986191206146,0,0,True,24.0,24.0
26,4627,3273.0280436395137,16,13.0,882.0,12,0.9285636346694972,0,0,False,906.0,906.0
27,59,67.90847257317718,16,13.0,0.0,1,0.4377871608034962,0,0,False,-1336.0,1336.0
27,308,132.3401542641903,24,21.0,498.0,2,0.9999983064573862,0,0,False,-838.0,838.0
27,746,4596.011731530634,10,7.0,876.0,3,0.9777291101520331,0,0,True,38.0,38.0
27,1327,27642.14104268765,23,20.0,1162.0,4,0.9738225907958664,0,0,True,96.0,96.0
27,1856,5914.258121674442,9,6.0,1058.0,5,0.9834044441616244,0,0,True,40.0,40.0
27,2426,23912.020923237607,13,10.0,1140.0,6,0.9849077925445471,0,0,True,72.0,72.0
27,2980,21330.986774360226,13,10.0,1108.0,7,0.9872565709026242,0,0,True,76.0,76.0
27,3537,18197.713267564242,23,20.0,1114.0,8,0.9876590148352081,0,0,True,96.0,96.0
27,4073,20005.830404687775,14,11.0,1072.0,9,0.9895609865405265,0,0,True,78.0,78.0
27,4608,5052.331223646164,9,6.0,1070.0,10,0.9902492455241811,0,0,False,1148.0,1148.0
28,50,43.627944262808036,27,24.0,0.0,1,0.43954985172910005,0,0,False,-1388.0,1388.0
28,295,25378.781361680645,36,33.0,490.0,2,0.9999959871392384,0,0,False,-898.0,898.0
28,781,27592.690894879972,14,11.0,972.0,3,0.9897572511637253,0,0,True,74.0,74.0
28,1263,5815.887711731083,10,7.0,964.0,4,0.9884013889259294,0,0,True,32.0,32.0
28,1784,23965.043208111405,14,11.0,1042.0,5,0.9866476730925523,0,0,True,74.0,74.0
28,2288,28752.28606849121,14,11.0,1008.0,6,0.9881629448639143,0,0,True,76.0,76.0
28,2790,6123.1970464997785,10,7.0,1004.0,7,0.9866935687054827,0,0,True,34.0,34.0
28,3304,5829.456334421251,10,7.0,1028.0,8,0.9840230100979322,0,0,True,32.0,32.0
28,3813,5681.842690791982,10,7.0,1018.0,9,0.9842333151131185,0,0,True,34.0,34.0
28,4340,24322.232116091007,14,11.0,1054.0,10,0.9828315207706035,0,0,True,72.0,72.0
28,4833,5772.146660816502,10,7.0,986.0,11,0.9858831787682781,0,0,False,1058.0,1058.0
29,55,49679.589758290414,15,12.0,0.0,1,0.43847141047936367,0,0,False,-856.0,856.0
29,525,48745.676233773935,14,11.0,940.0,2,0.9939396536960904,0,0,True,84.0,84.0
29,972,9608.272163132739,10,7.0,894.0,3,0.995362551449822,0,0,True,34.0,34.0
29,1460,47592.56550510625,14,11.0,976.0,4,0.9941699661346504,0,0,True,86.0,86.0
29,1925,46133.55418265751,14,11.0,930.0,5,0.9948910906581259,0,0,True,84.0,84.0
29,2367,8705.997239387334,10,7.0,884.0,6,0.9954150900785099,0,0,True,42.0,42.0
29,2847,43269.03191444861,15,12.0,960.0,7,0.9948368368876774,0,0,True,84.0,84.0
29,3283,8444.837356004551,10,7.0,872.0,8,0.9952759362370757,0,0,True,42.0,42.0
29,3760,42813.753319856405,14,11.0,954.0,9,0.9952714311138084,0,0,True,86.0,86.0
29,4193,8441.496276034544,10,7.0,866.0,10,0.9959867008225447,0,0,True,44.0,44.0
29,4672,43547.40054071568,14,11.0,958.0,11,0.995943072207464,0,0,False,1002.0,1002.0
30,56,1977.2712473102529,32,29.0,0.0,1,0.43828697039017805,0,0,False,-1324.0,1324.0
30,299,1219.7950542160236,20,17.0,486.0,2,0.9999977438854319,0,0,False,-838.0,838.0
30,681,530.4780878591445,17,14.0,764.0,3,0.999646620000535,0,0,True,-74.0,74.0
30,922,1215.5015414636387,33,30.0,482.0,4,0.9991490468715601,0,0,False,408.0,408.0
30,1250,472.6151155691465,17,14.0,656.0,5,0.9979179094369955,0,0,True,-78.0,78.0
30,1494,1259.0616474054518,33,30.0,488.0,6,0.998574076085882,0,0,False,410.0,410.0
30,1921,7868.452140285595,10,7.0,854.0,7,0.9884540709682016,0,0,True,40.0,40.0
30,2511,7654.440175260798,10,7.0,1180.0,8,0.9760208443187389,0,0,True,40.0,40.0
30,3127,7266.994476585796,9,6.0,1232.0,9,0.9726468572890099,0,0,True,38.0,38.0
30,3723,8088.175626902967,10,7.0,1192.0,10,0.9668843059221548,0,0,True,40.0,40.0
30,4320,7600.795741532001,10,7.0,1194.0,11,0.9660706850694729,0,0,True,40.0,40.0
30,4937,8573.076039128926,10,7.0,1234.0,12,0.964545668356133,0,0,False,1274.0,1274.0
31,48,18.5970650245393,18,15.0,0.0,1,0.44006487244462494,0,0,False,-1186.0,1186.0
31,298,13.326435513331912,120,118.0,500.0,2,0.9999976563357685,0,0,False,-686.0,686.0
31,686,39178.26402425124,21,18.0,776.0,3,0.998815689553549,0,0,True,90.0,90.0
31,1147,36789.5668564158,21,18.0,922.0,4,0.9980081092725943,0,0,True,94.0,94.0
31,1605,38407.824691898495,22,19.0,916.0,5,0.9970169173614308,0,0,True,94.0,94.0
31,2061,41545.253728489,15,12.0,912.0,6,0.997623748527664,0,0,True,82.0,82.0
31,2534,41004.50976662132,21,18.0,946.0,7,0.9975132848868556,0,0,True,92.0,92.0
31,2972,9845.183480748568,10,7.0,876.0,8,0.9980886468806943,0,0,True,40.0,40.0
31,3437,9487.412947246406,9,6.0,930.0,9,0.9982105792402011,0,0,True,40.0,40.0
31,3922,40950.37273900441,15,12.0,970.0,10,0.9980068427697728,0,0,True,82.0,82.0
31,4386,40065.77791253112,20,17.0,928.0,11,0.9980941652702139,0,0,True,92.0,92.0
31,4853,37292.326078416176,20,17.0,934.0,12,0.9980483528153161,0,0,False,1026.0,1026.0
32,52,195.5101811294088,30,27.0,0.0,1,0.4390850455333388,0,0,False,-1258.0,1258.0
32,720,43303.39878941317,15,12.0,1336.0,2,0.9952795838189834,0,0,True,78.0,78.0
32,1185,11561.467390027268,11,8.0,930.0,3,0.9949269609068525,0,0,True,34.0,34.0
32,1674,49536.98442283117,15,12.0,978.0,4,0.9935056575008212,0,0,True,76.0,76.0
32,2128,11073.453914083471,11,8.0,908.0,5,0.9942374478323713,0,0,True,34.0,34.0
32,2631,47012.66886649453,15,12.0,1006.0,6,0.9932877338858809,0,0,True,78.0,78.0
32,3107,44041.09452983685,15,12.0,952.0,7,0.9944148436442872,0,0,True,76.0,76.0
32,3580,42203.75648698798,15,12.0,946.0,8,0.9954205468335606,0,0,True,76.0,76.0
32,4048,46204.71518987433,14,11.0,936.0,9,0.9952904736729221,0,0,True,78.0,78.0
32,4493,10166.948274441613,11,8.0,890.0,10,0.9954877234313559,0,0,True,34.0,34.0
32,4966,9999.694098188309,11,8.0,946.0,11,0.995119393504015,0,0,False,980.0,980.0
33,52,1438.5180318129735,30,27.0,0.0,1,0.4390850455333388,0,0,False,-1428.0,1428.0
33,298,31161.78179037835,15,12.0,492.0,2,0.9962271321090538,0,0,False,-936.0,936.0
33,737,1080.0877679455036,17,14.0,878.0,3,0.9845258518762762,0,0,True,-58.0,58.0
33,1245,872.7317858256262,20,17.0,1016.0,4,0.9723653872809092,0,0,True,-36.0,36.0
33,1740,992.5370258150539,18,15.0,990.0,5,0.9690191229537248,0,0,True,-58.0,58.0
33,2238,811.5715195069396,22,19.0,996.0,6,0.9645215268650571,0,0,True,-42.0,42.0
33,2728,965.9541915067246,18,15.0,980.0,7,0.9605893449194992,0,0,True,-44.0,44.0
33,3216,864.3873755497707,17,14.0,976.0,8,0.9563669870145699,0,0,True,-42.0,42.0
33,3736,9552.649481706969,12,9.0,1040.0,9,0.9561092897779593,0,0,True,34.0,34.0
33,4174,1008.4819054303161,20,17.0,876.0,10,0.9579866456970499,0,0,True,-48.0,48.0
33,4649,1310.6308761543783,16,13.0,950.0,11,0.9544274689082017,0,0,False,902.0,902.0
34,52,1102.862219971276,31,28.0,0.0,1,0.4390850455333388,0,0,False,-1406.0,1406.0
34,316,3753.820861814596,17,14.0,528.0,2,0.9999974190661922,0,0,False,-878.0,878.0
34,570,99.50737651466814,120,118.0,508.0,3,0.9988721044121256,0,0,False,-370.0,370.0
34,816,4202.6182438525,16,13.0,492.0,4,0.9976267729490286,0,0,True,122.0,122.0
34,1293,1920.9062934879148,11,8.0,954.0,5,0.9893738781683904,0,0,True,74.0,74.0
34,1793,1436.19948187823,11,8.0,1000.0,6,0.9637941471240634,0,0,True,74.0,74.0
34,2242,257.02925740256654,11,8.0,898.0,7,0.95393039083523,0,0,True,-32.0,32.0
34,2795,1358.202369588651,11,8.0,1106.0,8,0.9342825649492529,0,0,True,74.0,74.0
34,3294,1167.3399371530136,11,8.0,998.0,9,0.9321590147217962,0,0,True,72.0,72.0
34,3818,4397.9573593921195,17,14.0,1048.0,10,0.9113822651009434,0,0,True,122.0,122.0
34,4274,373.3649486894224,25,22.0,912.0,11,0.9334821126119917,0,0,True,32.0,32.0
34,4791,541.5122077453307,10,7.0,1034.0,12,0.9341201935291528,0,0,False,1066.0,1066.0
35,44,92.3012413102463,26,23.0,0.0,1,0.44126784284698367,0,0,False,-664.0,664.0
35,332,2157.892914286658,15,12.0,576.0,2,0.9999997418457057,0,0,True,-88.0,88.0
35,608,7032.952131785164,10,7.0,552.0,3,0.9999999681021721,0,0,True,44.0,44.0
35,860,14479.46225803277,41,38.0,504.0,4,0.9957840643976247,0,0,True,128.0,128.0
35,1238,8063.089860098556,10,7.0,756.0,5,0.9784053937233254,0,0,True,46.0,46.0
35,1495,35831.03433512747,21,18.0,514.0,6,0.9623796144360653,0,0,True,96.0,96.0
35,1735,8772.24728843861,10,7.0,480.0,7,0.9476777730631925,0,0,True,44.0,44.0
35,1975,17607.839587059592,18,15.0,480.0,8,0.9331655088256524,0,0,True,92.0,92.0
35,2469,7658.593090077881,9,6.0,988.0,9,0.9259148225551761,0,0,True,42.0,42.0
35,2721,19495.623956922813,38,35.0,504.0,10,0.9217450547655855,0,0,True,130.0,130.0
35,3102,8025.897451974338,10,7.0,762.0,11,0.9251669329713499,0,0,True,44.0,44.0
35,3343,16744.331049626042,28,25.0,482.0,12,0.9268890628401892,0,0,True,92.0,92.0
35,3603,7101.237728855653,10,7.0,520.0,13,0.9288666500553799,0,0,True,42.0,42.0
35,3858,16618.86875421965,39,36.0,510.0,14,0.916983825345292,0,0,True,128.0,128.0
35,4234,6744.221991420774,10,7.0,752.0,15,0.9058253925507986,0,0,True,44.0,44.0
35,4476,22269.159500241876,21,18.0,484.0,16,0.9020833177670758,0,0,True,98.0,98.0
35,4747,7953.533165688813,10,7.0,542.0,17,0.906062960587483,0,0,True,42.0,42.0
35,4999,18483.111775038993,38,35.0,504.0,18,0.9012642896740762,0,0,False,546.0,546.0
36,57,506.8984141009167,21,18.0,0.0,1,0.43811175230545174,0,0,False,-1548.0,1548.0
36,325,148.30206469012143,14,11.0,536.0,2,0.9966420033107044,0,0,False,-1012.0,1012.0
36,571,1259.5791322106174,20,17.0,492.0,3,0.9999516679265484,0,0,False,-520.0,520.0
36,853,6126.305233646674,10,7.0,564.0,4,0.9836356408231058,0,0,True,44.0,44.0
36,1297,5335.258198254952,10,7.0,888.0,5,0.969599918618391,0,0,True,42.0,42.0
36,1738,7164.937933002091,10,7.0,882.0,6,0.9546238973693155,0,0,True,46.0,46.0
36,2171,6311.140307606375,10,7.0,866.0,7,0.9415426553840209,0,0,True,44.0,44.0
36,2627,5574.8047640590685,10,7.0,912.0,8,0.9335703181516208,0,0,True,40.0,40.0
36,3109,5663.740974351808,10,7.0,964.0,9,0.9349134249579628,0,0,True,44.0,44.0
36,3586,7127.5700549043495,10,7.0,954.0,10,0.9368410754389385,0,0,True,42.0,42.0
36,4064,6482.2133258001895,10,7.0,956.0,11,0.9386277197884271,0,0,True,44.0,44.0
36,4544,5519.596954994859,10,7.0,960.0,12,0.937031137460243,0,0,False,1004.0,1004.0
37,82,6494.09806908067,10,7.0,0.0,1,0.4357060784204353,0,0,False,-864.0,864.0
37,334,129.23026221381497,120,118.0,504.0,2,0.9999983192687212,0,0,False,-360.0,360.0
37,575,21776.39460843728,37,34.0,482.0,3,0.9975463967160804,0,0,True,122.0,122.0
37,1002,26939.90719973776,17,14.0,854.0,4,0.9765473874870506,0,0,True,84.0,84.0
37,1411,7207.461834949607,10,7.0,818.0,5,0.9762167375776606,0,0,True,40.0,40.0
37,1855,26164.99018928069,15,12.0,888.0,6,0.9710079718415022,0,0,True,82.0,82.0
37,2263,6066.458371899747,10,7.0,816.0,7,0.9718148880303263,0,0,True,40.0,40.0
37,2718,24496.58014762879,15,12.0,910.0,8,0.9671348551959417,0,0,True,84.0,84.0
37,3133,6822.622188783564,10,7.0,830.0,9,0.9679692959281063,0,0,True,40.0,40.0
37,3581,26078.090440641783,15,12.0,896.0,10,0.9639644424814858,0,0,True,82.0,82.0
37,4021,6358.2479221869535,11,8.0,880.0,11,0.9690548897711481,0,0,True,40.0,40.0
37,4480,6487.098619239107,10,7.0,918.0,12,0.965155450590151,0,0,True,38.0,38.0
37,4961,26845.769868791213,16,13.0,962.0,13,0.9638986160113217,0,0,False,1000.0,1000.0
38,56,406.3662680078954,34,31.0,0.0,1,0.43828697039017805,0,0,False,-948.0,948.0
38,346,7663.517134794621,12,9.0,580.0,2,0.999995325306684,0,0,False,-368.0,368.0
38,588,5299.340033560766,36,33.0,484.0,3,0.9977376057247563,0,0,True,116.0,116.0
38,828,8072.381100727818,24,21.0,480.0,4,0.997442172468339,0,0,True,98.0,98.0
38,1164,7713.794647414621,11,8.0,672.0,5,0.99255156753477,0,0,True,74.0,74.0
38,1567,6743.595440617554,12,9.0,806.0,6,0.988341057398702,0,0,True,74.0,74.0
38,1832,6333.714829910439,12,9.0,530.0,7,0.9859074763479607,0,0,True,70.0,70.0
38,2108,6770.087201512533,24,21.0,552.0,8,0.9797015294082666,0,0,True,94.0,94.0
38,2446,8624.318941840767,24,21.0,676.0,9,0.9759037908981578,0,0,True,96.0,96.0
38,2696,7562.416290195879,24,21.0,500.0,10,0.9772179508965679,0,0,True,96.0,96.0
38,3046,8064.956510101731,12,9.0,700.0,11,0.9785513493575443,0,0,True,70.0,70.0
38,3379,7659.661020149519,25,22.0,666.0,12,0.9765719682543139,0,0,True,98.0,98.0
38,3640,7436.771320133723,12,9.0,522.0,13,0.9768807905424374,0,0,True,72.0,72.0
38,3918,7217.295499083497,24,21.0,556.0,14,0.9790752818550397,0,0,True,98.0,98.0
38,4400,10190.08838144346,25,22.0,964.0,15,0.9759733034163642,0,0,True,98.0,98.0
38,4655,6051.511501115297,24,21.0,510.0,16,0.9787894618397739,0,0,False,608.0,608.0
39,54,530.988351522442,25,22.0,0.0,1,0.4386655579416643,0,0,False,-1950.0,1950.0
39,309,58.04689987736515,17,14.0,510.0,2,0.9999973558151345,0,0,False,-1440.0,1440.0
39,569,3876.470484749826,79,76.0,520.0,3,0.9999998260940353,0,0,False,-920.0,920.0
39,1049,10935.907130660302,10,7.0,960.0,4,0.9941814245876803,0,0,True,40.0,40.0
39,1660,38306.30682856956,16,13.0,1222.0,5,0.9870895468720645,0,0,True,86.0,86.0
39,2224,39462.15820222131,16,13.0,1128.0,6,0.9882794162462408,0,0,True,86.0,86.0
39,2748,10502.389208784942,10,7.0,1048.0,7,0.9897709480362558,0,0,True,40.0,40.0
39,3341,38218.34575025614,16,13.0,1186.0,8,0.9895943873978386,0,0,True,88.0,88.0
39,3884,11562.501456940487,10,7.0,1086.0,9,0.9895543270431597,0,0,True,42.0,42.0
39,4428,10997.891692478304,10,7.0,1088.0,10,0.9893244418140676,0,0,True,40.0,40.0
40,53,207.73896096087805,31,28.0,0.0,1,0.43886992369145444,0,0,False,-1120.0,1120.0
40,364,546.2497430197702,22,19.0,622.0,2,0.9999998682336186,0,0,False,-498.0,498.0
40,656,20753.0804592801,17,14.0,584.0,3,0.9922384891707657,0,0,True,86.0,86.0
40,1068,5418.632440583046,10,7.0,824.0,4,0.9861817018924202,0,0,True,40.0,40.0
40,1532,20576.122001134794,17,14.0,928.0,5,0.9776897409598834,0,0,True,86.0,86.0
40,1979,19782.321570188586,17,14.0,894.0,6,0.9803308765398547,0,0,True,86.0,86.0
40,2438,21491.72987598286,17,14.0,918.0,7,0.9818451025626541,0,0,True,86.0,86.0
40,2913,20062.421918903485,17,14.0,950.0,8,0.9824063109995901,0,0,True,86.0,86.0
40,3368,5636.797025047886,9,6.0,910.0,9,0.9850137385173754,0,0,True,40.0,40.0
40,3843,5993.903115733853,10,7.0,950.0,10,0.9833901244628533,0,0,True,40.0,40.0
40,4320,5947.534728848625,9,6.0,954.0,11,0.9834254396956921,0,0,True,40.0,40.0
40,4830,21544.03082999773,17,14.0,1020.0,12,0.984056842826395,0,0,False,1060.0,1060.0
41,59,296.50420931807423,20,17.0,0.0,1,0.4377871608034962,0,0,False,-1366.0,1366.0
41,303,2131.843317988833,22,19.0,488.0,2,0.9999978996561312,0,0,False,-878.0,878.0
41,783,41808.137067600815,16,13.0,960.0,3,0.9935031380633745,0,0,True,82.0,82.0
41,1401,41485.732917233436,15,12.0,1236.0,4,0.9886385097434587,0,0,True,82.0,82.0
41,2014,40317.4700644923,15,12.0,1226.0,5,0.983270781548645,0,0,True,82.0,82.0
41,2587,10123.872371877098,10,7.0,1146.0,6,0.9825599997882034,0,0,True,40.0,40.0
41,3192,11089.633637767209,10,7.0,1210.0,7,0.9804408419142105,0,0,True,40.0,40.0
41,3810,10632.397975580941,10,7.0,1236.0,8,0.9785542004036422,0,0,True,40.0,40.0
41,4427,10272.475111913383,10,7.0,1234.0,9,0.9766031926243165,0,0,False,1274.0,1274.0
42,97,34638.283520107296,15,12.0,0.0,1,0.43521044412046184,0,0,False,-1024.0,1024.0
42,629,7254.505739049947,10,7.0,1064.0,2,0.988301857889168,0,0,True,40.0,40.0
42,1164,7186.817089121464,10,7.0,1070.0,3,0.9796959712338182,0,0,True,40.0,40.0
42,1722,35303.52891524845,15,12.0,1116.0,4,0.9775124470907851,0,0,True,82.0,82.0
42,2219,7370.498285842921,10,7.0,994.0,5,0.9857630941127454,0,0,True,40.0,40.0
42,2723,7144.39079867989,10,7.0,1008.0,6,0.9847801993757951,0,0,True,40.0,40.0
42,3231,7294.379778796427,10,7.0,1016.0,7,0.9854217863353695,0,0,True,38.0,38.0
42,3795,34142.43987779754,16,13.0,1128.0,8,0.9838232210312813,0,0,True,84.0,84.0
42,4301,6761.170810692781,10,7.0,1012.0,9,0.9889782706534809,0,0,True,40.0,40.0
42,4858,34707.918124141055,16,13.0,1114.0,10,0.9891905140521964,0,0,False,1154.0,1154.0
43,52,112.51244866852389,31,28.0,0.0,1,0.4390850455333388,0,0,False,-1294.0,1294.0
43,315,41.500843494817694,120,118.0,526.0,2,0.9999991058123041,0,0,False,-768.0,768.0
43,717,2542.942306100078,9,6.0,804.0,3,0.9970107074060097,0,0,True,36.0,36.0
43,1217,2334.9495786322414,9,6.0,1000.0,4,0.9919694429755149,0,0,True,46.0,46.0
43,1714,17326.851789704997,13,10.0,994.0,5,0.9865103689794333,0,0,True,78.0,78.0
43,2214,3131.7801129725126,9,6.0,1000.0,6,0.9858089896109952,0,0,True,38.0,38.0
43,2738,24266.638862355863,14,11.0,1048.0,7,0.9837436600504521,0,0,True,76.0,76.0
43,3216,3586.0557613111705,9,6.0,956.0,8,0.9869630391705644,0,0,True,40.0,40.0
43,3666,16739.23643479855,14,11.0,900.0,9,0.984987320293168,0,0,True,78.0,78.0
43,4189,27957.229604360782,23,20.0,1046.0,10,0.9869895271070614,0,0,True,94.0,94.0
43,4660,2759.0214674936865,9,6.0,942.0,11,0.9884084831469396,0,0,False,1036.0,1036.0
44,50,63.514894760154924,23,20.0,0.0,1,0.43954985172910005,0,0,False,-1484.0,1484.0
44,306,2110.704116932705,22,19.0,512.0,2,0.999983324791588,0,0,False,-972.0,972.0
44,800,1472.7041035144096,16,13.0,988.0,3,0.9863440517938955,0,0,True,16.0,16.0
44,1298,2426.1184425395886,19,16.0,996.0,4,0.951514432101523,0,0,True,32.0,32.0
44,1666,1947.4000440446675,20,17.0,736.0,5,0.9578023660033674,0,0,True,22.0,22.0
44,2035,1919.8252585079783,23,20.0,738.0,6,0.9617761553283879,0,0,True,24.0,24.0
44,2509,1915.5949058236772,13,10.0,948.0,7,0.9659407183703373,0,0,True,10.0,10.0
44,2871,2279.7915364518576,13,10.0,724.0,8,0.9675568568770699,0,0,True,10.0,10.0
44,3451,1841.5427924558603,23,20.0,1160.0,9,0.9686487578422728,0,0,True,36.0,36.0
44,4017,20053.08267813117,13,10.0,1132.0,10,0.9629991140643693,0,0,True,82.0,82.0
44,4436,22051.39937664737,13,10.0,838.0,11,0.9860726206371675,0,0,True,82.0,82.0
44,4783,1817.0659672536701,12,9.0,694.0,12,0.9893022348833672,0,0,False,776.0,776.0
45,48,822.3184332338627,22,19.0,0.0,1,0.44006487244462494,0,0,False,-1114.0,1114.0
45,293,40.91611025505709,120,118.0,490.0,2,0.9999979502276652,0,0,False,-624.0,624.0
45,658,2734.9034487741087,13,10.0,730.0,3,0.9959634308028588,0,0,True,106.0,106.0
45,946,1099.5855082595945,14,11.0,576.0,4,0.9898630857540888,0,0,True,28.0,28.0
45,1586,2847.960840984179,11,8.0,1280.0,5,0.9793532976767432,0,0,True,82.0,82.0
45,2111,12396.075351078485,17,14.0,1050.0,6,0.972689175087135,0,0,True,134.0,134.0
45,2586,2758.691068908853,11,8.0,950.0,7,0.9760931107324207,0,0,True,84.0,84.0
45,3112,10684.063785913684,18,15.0,1052.0,8,0.9729780078824871,0,0,True,138.0,138.0
45,3587,2772.3657743170943,12,9.0,950.0,9,0.9769734759543497,0,0,True,82.0,82.0
45,4085,2744.3261741626693,12,9.0,996.0,10,0.968547967666708,0,0,True,112.0,112.0
45,4611,8656.922895949145,17,14.0,1052.0,11,0.9712164205926035,0,0,False,1164.0,1164.0
46,59,159.54322650136385,16,13.0,0.0,1,0.4377871608034962,0,0,False,-1564.0,1564.0
46,330,679.7726909503148,17,14.0,542.0,2,0.989584727085947,0,0,False,-1022.0,1022.0
46,594,69.75491168226617,69,66.0,528.0,3,0.9997912197571527,0,0,False,-494.0,494.0
46,861,2586.8403889770325,10,7.0,534.0,4,0.9972807824557404,0,0,True,40.0,40.0
46,1291,624.1903656618127,19,16.0,860.0,5,0.9745797802294571,0,0,True,-46.0,46.0
46,1773,668.9187542859507,21,18.0,964.0,6,0.9701513583079672,0,0,True,-46.0,46.0
46,2255,620.5408859870126,19,16.0,964.0,7,0.9714425767998733,0,0,True,-48.0,48.0
46,2752,706.0384309692138,34,31.0,994.0,8,0.9715257389030456,0,0,True,-14.0,14.0
46,3212,687.4198850186008,18,15.0,920.0,9,0.9635903365782449,0,0,True,-50.0,50.0
46,3744,19347.13238501757,12,9.0,1064.0,10,0.9538512609155827,0,0,True,78.0,78.0
46,4212,19828.55562533522,12,9.0,936.0,11,0.960037860329317,0,0,True,80.0,80.0
46,4667,2024.9707827768998,10,7.0,910.0,12,0.9662564942818597,0,0,False,990.0,990.0
47,51,68.43687503798472,31,28.0,0.0,1,0.4393114895774276,0,0,False,-1758.0,1758.0
47,306,9562.46934740077,10,7.0,510.0,2,0.9999915082643127,0,0,False,-1248.0,1248.0
47,971,30107.914765428744,16,13.0,1330.0,3,0.9829291205848557,0,0,True,82.0,82.0
47,1609,29273.276349231153,17,14.0,1276.0,4,0.9894484588781651,0,0,True,84.0,84.0
47,2241,33983.734077687295,16,13.0,1264.0,5,0.9913069060670978,0,0,True,84.0,84.0
47,2865,35396.8694491051,17,14.0,1248.0,6,0.9882061500883702,0,0,True,84.0,84.0
47,3491,33554.43218300494,16,13.0,1252.0,7,0.9879198437318201,0,0,True,82.0,82.0
47,4126,30367.1534805137,16,13.0,1270.0,8,0.9863701682567645,0,0,True,82.0,82.0
47,4761,29471.85351281786,16,13.0,1270.0,9,0.9887975765371764,0,0,False,1352.0,1352.0
48,51,600.7474112371714,21,18.0,0.0,1,0.4393114895774276,0,0,False,-1848.0,1848.0
48,402,107.31248848770956,15,12.0,702.0,2,0.9869179163094219,0,0,False,-1146.0,1146.0
48,672,1614.0581341776724,22,19.0,540.0,3,0.9980257794344768,0,0,False,-606.0,606.0
48,1016,24024.661939848902,15,12.0,688.0,4,0.9900253753138177,0,0,True,82.0,82.0
48,1557,23579.988506168014,14,11.0,1082.0,5,0.9841157531906906,0,0,True,80.0,80.0
48,2102,22427.702381976786,15,12.0,1090.0,6,0.9794644949378509,0,0,True,82.0,82.0
48,2620,21397.920769759527,15,12.0,1036.0,7,0.9753733493305955,0,0,True,82.0,82.0
48,3131,21211.04201276372,15,12.0,1022.0,8,0.9706146186704089,0,0,True,82.0,82.0
48,3628,21517.837210274276,15,12.0,994.0,9,0.9679759047953106,0,0,True,82.0,82.0
48,4115,23800.49378518693,15,12.0,974.0,10,0.9619888834853534,0,0,True,82.0,82.0
48,4597,5123.117688636155,10,7.0,964.0,11,0.9642113856099637,0,0,False,1046.0,1046.0
49,53,1.3491309675347227,11,8.0,0.0,1,0.43886992369145444,0,0,False,-1714.0,1714.0
49,315,241.35301555206678,20,17.0,524.0,2,0.999960223977383,0,0,False,-1190.0,1190.0
49,555,806.7001489591454,32,29.0,480.0,3,0.9999994487881507,0,0,False,-710.0,710.0
49,874,194.1787204878254,23,20.0,638.0,4,0.9935653226254412,0,0,True,-72.0,72.0
49,1117,752.7530759654651,32,29.0,486.0,5,0.9908656527553222,0,0,False,414.0,414.0
49,1440,182.91529373159545,27,24.0,646.0,6,0.9907232829882044,0,0,True,-58.0,58.0
49,1706,389.6498459304087,68,65.0,532.0,7,0.9925116926660641,0,0,False,474.0,474.0
49,1983,207.5839310019919,23,20.0,554.0,8,0.9921176846603047,0,0,True,-64.0,64.0
49,2250,399.01749454147676,68,65.0,534.0,9,0.9941930426333782,0,0,False,470.0,470.0
49,2580,8866.421902739865,10,7.0,660.0,10,0.9868089156572326,0,0,True,40.0,40.0
49,3153,35002.25390502879,16,13.0,1146.0,11,0.9764438626220375,0,0,True,84.0,84.0
49,3677,9878.36734624155,10,7.0,1048.0,12,0.9798027741415403,0,0,True,40.0,40.0
49,4227,8900.06753204839,10,7.0,1100.0,13,0.9746471264942984,0,0,True,40.0,40.0
49,4782,8571.315167896993,10,7.0,1110.0,14,0.9712628375504642,0,0,False,1150.0,1150.0
50,64,347.06620403653994,33,30.0,0.0,1,0.4371074738424272,0,0,False,-1350.0,1350.0
50,336,26115.84056707023,14,11.0,544.0,2,0.9999974563839129,0,0,False,-806.0,806.0
50,725,521.3481348788691,28,25.0,778.0,3,0.9988507707699673,0,0,True,-28.0,28.0
50,1164,877.5133797574487,15,12.0,878.0,4,0.994251093886829,0,0,True,-44.0,44.0
50,1600,673.1460346221452,15,12.0,872.0,5,0.9845123322893308,0,0,True,-48.0,48.0
50,2035,727.7645030650696,17,14.0,870.0,6,0.9689229563152302,0,0,True,-36.0,36.0
50,2463,880.5651606003936,16,13.0,856.0,7,0.9630484517544765,0,0,True,-42.0,42.0
50,2891,1089.3957286640414,17,14.0,856.0,8,0.9559715960986465,0,0,True,-32.0,32.0
50,3308,782.74040329136,16,13.0,834.0,9,0.9495504569593741,0,0,True,-42.0,42.0
50,3729,630.6252148121893,16,13.0,842.0,10,0.9436540863893461,0,0,True,-38.0,38.0
50,4153,521.3112471899926,21,18.0,848.0,11,0.9404869801142733,0,0,True,-30.0,30.0
50,4575,634.8130936398252,20,17.0,844.0,12,0.9359719715263788,0,0,False,814.0,814.0
51,52,16945.682122131726,18,15.0,0.0,1,0.4390850455333388,0,0,False,-1668.0,1668.0
51,578,20200.154074641017,13,10.0,1052.0,2,0.990133232807962,0,0,False,-616.0,616.0
51,905,1853.4814977886283,10,7.0,654.0,3,0.9872755083219956,0,0,True,38.0,38.0
51,1460,1785.761204501602,10,7.0,1110.0,4,0.979908906638879,0,0,True,42.0,42.0
51,1916,24233.621826843657,14,11.0,912.0,5,0.974832874633386,0,0,True,90.0,90.0
51,2277,26940.10574895965,13,10.0,722.0,6,0.9831833171894546,0,0,True,88.0,88.0
51,3003,21136.028247603237,13,10.0,1452.0,7,0.9890332187709019,0,0,True,92.0,92.0
51,3264,18995.42873591586,13,10.0,522.0,8,0.986733972454632,0,0,True,88.0,88.0
51,4081,19639.228489037654,13,10.0,1634.0,9,0.9909200339904883,0,0,True,82.0,82.0
51,4495,20098.97189221975,13,10.0,828.0,10,0.9927236465577004,0,0,True,84.0,84.0
51,4896,18753.00989673258,13,10.0,802.0,11,0.9896966852358262,0,0,False,886.0,886.0
52,61,78.3577179889111,18,15.0,0.0,1,0.43749421697298135,0,0,False,-932.0,932.0
52,311,327.7056352397866,120,118.0,500.0,2,0.9999972183739395,0,0,False,-432.0,432.0
52,570,18919.553977402164,17,14.0,518.0,3,0.9949211626088246,0,0,True,86.0,86.0
52,872,580.054149273581,15,12.0,604.0,4,0.9990620585755587,0,0,False,-188.0,188.0
52,1117,615.6400546370323,34,31.0,490.0,5,0.9996684846252829,0,0,False,302.0,302.0
52,1444,4041.2914729872073,11,8.0,654.0,6,0.9741306370964209,0,0,True,38.0,38.0
52,1901,23445.44404949962,17,14.0,914.0,7,0.9361769195764924,0,0,True,86.0,86.0
52,2379,12785.261916684429,18,15.0,956.0,8,0.9369657851122143,0,0,True,90.0,90.0
52,2820,5131.387418075508,10,7.0,882.0,9,0.9294320883151846,0,0,True,40.0,40.0
52,3282,5428.565963947076,10,7.0,924.0,10,0.9149067398322133,0,0,True,40.0,40.0
52,3676,3119.495371592456,10,7.0,788.0,11,0.9094232182382436,0,0,True,38.0,38.0
52,4145,3526.3548339916015,10,7.0,938.0,12,0.9048298968619529,0,0,True,40.0,40.0
52,4587,20316.74986485752,17,14.0,884.0,13,0.897566376778246,0,0,False,924.0,924.0
53,50,507.6409583760007,31,28.0,0.0,1,0.43954985172910005,0,0,False,-1062.0,1062.0
53,306,576.0208524200787,30,27.0,512.0,2,0.9985464489735841,0,0,False,-550.0,550.0
53,564,331.739107116384,35,32.0,516.0,3,0.9966440851293574,0,0,True,-34.0,34.0
53,1023,396.22486706744894,17,14.0,918.0,4,0.9878811784885309,0,0,True,-68.0,68.0
53,1269,593.2394597093152,31,28.0,492.0,5,0.9855718758474045,0,0,False,424.0,424.0
53,1520,303.6074503478429,35,32.0,502.0,6,0.9855250232043714,0,0,True,-34.0,34.0
53,1988,319.9171361744708,15,12.0,936.0,7,0.9782090740041628,0,0,True,-74.0,74.0
53,2237,511.7893616708883,32,29.0,498.0,8,0.9763612077044532,0,0,False,424.0,424.0
53,2477,302.859697355402,16,13.0,480.0,9,0.965792978038873,0,0,True,-76.0,76.0
53,2727,628.6510402438063,32,29.0,500.0,10,0.9637870571885048,0,0,False,424.0,424.0
53,2975,293.28681799352273,35,32.0,496.0,11,0.9648247895575747,0,0,True,-36.0,36.0
53,3430,301.97192939262044,15,12.0,910.0,12,0.9578428569423244,0,0,True,-72.0,72.0
53,3677,654.0273300327772,32,29.0,494.0,13,0.9558331945731174,0,0,False,422.0,422.0
53,3922,351.4743153131697,35,32.0,490.0,14,0.9588843458925069,0,0,True,-32.0,32.0
53,4178,217.13012648148953,69,66.0,512.0,15,0.957058163671526,0,0,False,-468.0,468.0
53,4458,21770.40977904912,22,19.0,560.0,16,0.9545335614659158,0,0,True,92.0,92.0
53,4911,5990.316933826421,9,6.0,906.0,17,0.9752416963715029,0,0,False,998.0,998.0
54,59,27511.32208040867,15,12.0,0.0,1,0.4377871608034962,0,0,False,-1036.0,1036.0
54,618,23049.805722273042,15,12.0,1118.0,2,0.989244117177374,0,0,True,82.0,82.0
54,1168,27993.749947993732,15,12.0,1100.0,3,0.9889616395104045,0,0,True,82.0,82.0
54,1722,26802.58561881003,14,11.0,1108.0,4,0.9902219121123738,0,0,True,82.0,82.0
54,2276,25864.86234938525,14,11.0,1108.0,5,0.9913294743589222,0,0,True,82.0,82.0
54,2827,28960.043773124817,14,11.0,1102.0,6,0.9919337861393109,0,0,True,80.0,80.0
54,3394,25780.45260371751,15,12.0,1134.0,7,0.9931765098033917,0,0,True,82.0,82.0
54,3952,23192.493841643533,15,12.0,1116.0,8,0.9937024615116115,0,0,True,82.0,82.0
54,4509,28126.971108390513,15,12.0,1114.0,9,0.9945769139179995,0,0,False,1196.0,1196.0
55,50,342.75037854671865,16,13.0,0.0,1,0.43954985172910005,0,0,False,-1596.0,1596.0
55,301,60.458687223415765,13,10.0,502.0,2,0.9817249142006181,0,0,False,-1094.0,1094.0
55,865,2267.2994117990957,11,8.0,1128.0,3,0.9893612394232189,0,0,True,34.0,34.0
55,1363,2263.55819954474,11,8.0,996.0,4,0.9831041713039341,0,0,True,34.0,34.0
55,1855,2477.921891991143,11,8.0,984.0,5,0.9770214138231359,0,0,True,34.0,34.0
55,2342,2136.450418440183,10,7.0,974.0,6,0.9736200167753984,0,0,True,32.0,32.0
55,2827,2173.245132143965,11,8.0,970.0,7,0.9715068291256621,0,0,True,34.0,34.0
55,3301,2511.216206799715,11,8.0,948.0,8,0.9674661339953857,0,0,True,34.0,34.0
55,3784,2284.1717310617014,11,8.0,966.0,9,0.9682564816102684,0,0,True,34.0,34.0
55,4264,2116.2169219856305,11,8.0,960.0,10,0.9686968453690529,0,0,True,32.0,32.0
55,4743,2107.5118318840423,12,9.0,958.0,11,0.9673748061067197,0,0,False,990.0,990.0
56,55,194.17225576133268,21,18.0,0.0,1,0.43847141047936367,0,0,False,-1550.0,1550.0
56,399,106.63072866993825,33,30.0,688.0,2,0.9930679288686086,0,0,False,-862.0,862.0
56,871,26868.44687538233,15,12.0,944.0,3,0.9876553012601498,0,0,True,82.0,82.0
56,1270,6319.321279156545,10,7.0,798.0,4,0.993829104108708,0,0,True,40.0,40.0
56,1706,27499.60293850847,16,13.0,872.0,5,0.9854856797889878,0,0,True,82.0,82.0
56,2119,26089.262368216914,17,14.0,826.0,6,0.9879094869815688,0,0,True,84.0,84.0
56,2524,24799.359261963662,17,14.0,810.0,7,0.9782003308132736,0,0,True,84.0,84.0
56,2933,24867.93444367256,16,13.0,818.0,8,0.9743726286612111,0,0,True,82.0,82.0
56,3336,25644.79649506663,16,13.0,806.0,9,0.9754315613867748,0,0,True,84.0,84.0
56,3708,6746.846469975071,10,7.0,744.0,10,0.9772301746469371,0,0,True,40.0,40.0
56,4108,25321.6884145885,15,12.0,800.0,11,0.9729218182785949,0,0,True,82.0,82.0
56,4518,25662.669022489375,17,14.0,820.0,12,0.9738842908397072,0,0,True,84.0,84.0
56,4922,25737.598092887205,16,13.0,808.0,13,0.975672973602671,0,0,False,892.0,892.0
57,54,248.41000963244875,18,15.0,0.0,1,0.4386655579416643,0,0,False,-778.0,778.0
57,298,5.114276046456737,97,94.0,488.0,2,0.9999907203751162,0,0,False,-290.0,290.0
57,576,6.244495117214645,120,118.0,556.0,3,0.9999999257167381,0,0,False,266.0,266.0
57,865,30203.487119001442,17,14.0,578.0,4,0.99420084854989,0,0,True,84.0,84.0
57,1222,9873.880346648788,9,6.0,714.0,5,0.9936937540325256,0,0,True,42.0,42.0
57,1596,10467.109309805779,9,6.0,748.0,6,0.9920294320382295,0,0,True,42.0,42.0
57,1969,10176.979810967956,9,6.0,746.0,7,0.9904475306176455,0,0,True,42.0,42.0
57,2362,30986.068148289378,17,14.0,786.0,8,0.9898012164427379,0,0,True,84.0,84.0
57,2715,9512.159964343487,9,6.0,706.0,9,0.991182329073057,0,0,True,42.0,42.0
57,3086,9900.172810813794,10,7.0,742.0,10,0.9913139249217106,0,0,True,42.0,42.0
57,3477,30694.429597214585,21,18.0,782.0,11,0.9908801303154139,0,0,True,92.0,92.0
57,3813,10998.047291219767,9,6.0,672.0,12,0.9914525024552225,0,0,True,42.0,42.0
57,4197,30681.811968931648,17,14.0,768.0,13,0.9909573148183205,0,0,True,84.0,84.0
57,4535,10193.576995458132,9,6.0,676.0,14,0.9914746908066219,0,0,True,42.0,42.0
57,4915,30250.159586638252,17,14.0,760.0,15,0.990516702937047,0,0,False,802.0,802.0
58,51,176.38924943637625,32,29.0,0.0,1,0.4393114895774276,0,0,False,-1288.0,1288.0
58,327,26.99073403759836,120,118.0,552.0,2,0.9999995404837552,0,0,False,-736.0,736.0
58,735,26904.62402490965,13,10.0,816.0,3,0.9934074322847066,0,0,True,80.0,80.0
58,1236,24585.726482162758,13,10.0,1002.0,4,0.98822360868659,0,0,True,80.0,80.0
58,1740,22192.92728098112,14,11.0,1008.0,5,0.9848098737865435,0,0,True,82.0,82.0
58,2221,4457.725417192716,10,7.0,962.0,6,0.9845325025117588,0,0,True,40.0,40.0
58,2723,23054.892051487423,13,10.0,1004.0,7,0.9835094065286027,0,0,True,80.0,80.0
58,3204,23342.118420173385,13,10.0,962.0,8,0.9832801847213555,0,0,True,80.0,80.0
58,3667,22926.548055428728,13,10.0,926.0,9,0.98385124854676,0,0,True,80.0,80.0
58,4086,21353.099523142715,14,11.0,838.0,10,0.9829819918778205,0,0,True,80.0,80.0
58,4512,20552.88137126409,13,10.0,852.0,11,0.9820936370065824,0,0,True,78.0,78.0
58,4976,4204.712436308022,10,7.0,928.0,12,0.9827364013910378,0,0,False,1006.0,1006.0
59,51,747.2113173990672,22,19.0,0.0,1,0.4393114895774276,0,0,False,-2168.0,2168.0
59,336,16.24542920479291,30,27.0,570.0,2,0.9999994455042329,0,0,False,-1598.0,1598.0
59,599,29988.397883571528,15,12.0,526.0,3,0.9999997897918244,0,0,False,-1072.0,1072.0
59,1149,7683.010729314827,14,11.0,1100.0,4,0.9818206444610061,0,0,True,28.0,28.0
59,1724,6987.227198060656,14,11.0,1150.0,5,0.9771156062712893,0,0,True,32.0,32.0
59,2285,5982.835204515615,15,12.0,1122.0,6,0.9646062058830489,0,0,True,32.0,32.0
59,2841,5832.580161078736,14,11.0,1112.0,7,0.9608005370300935,0,0,True,30.0,30.0
59,3389,5043.485282928335,15,12.0,1096.0,8,0.9586205138280846,0,0,True,32.0,32.0
59,3937,7243.442687003854,13,10.0,1096.0,9,0.9551688655515126,0,0,True,28.0,28.0
59,4489,7028.537827521303,14,11.0,1104.0,10,0.9455357115148919,0,0,False,1132.0,1132.0
60,71,20239.94689787333,12,9.0,0.0,1,0.4364061487360335,0,0,False,-1028.0,1028.0
60,622,18812.647080076065,12,9.0,1102.0,2,0.9912341945044372,0,0,True,74.0,74.0
60,1172,41641.49979299448,17,14.0,1100.0,3,0.9886082545641435,0,0,True,120.0,120.0
60,1487,43756.82844886305,17,14.0,630.0,4,0.9902691072279874,0,0,True,118.0,118.0
60,2131,17467.309145551502,12,9.0,1288.0,5,0.9900746741560864,0,0,True,72.0,72.0
60,2630,17656.20582064105,12,9.0,998.0,6,0.988317379046774,0,0,True,74.0,74.0
60,3148,18193.795978907216,12,9.0,1036.0,7,0.9908110589690731,0,0,True,72.0,72.0
60,3676,43863.90491273954,18,15.0,1056.0,8,0.9895094260642671,0,0,True,116.0,116.0
60,4162,18443.20535292387,12,9.0,972.0,9,0.9900834087800421,0,0,True,74.0,74.0
60,4685,43712.55444550338,18,15.0,1046.0,10,0.9905292746359989,0,0,False,1120.0,1120.0
61,58,8.756019537195828,11,8.0,0.0,1,0.4379452951249617,0,0,False,-1234.0,1234.0
61,324,27.137852821964078,120,118.0,532.0,2,0.9999991989261138,0,0,False,-702.0,702.0
61,694,5146.321295712503,10,7.0,740.0,3,0.9928609104609812,0,0,True,38.0,38.0
61,1165,5250.0295400229015,10,7.0,942.0,4,0.9852076771290028,0,0,True,38.0,38.0
61,1647,4729.061413315608,10,7.0,964.0,5,0.9808183000610672,0,0,True,38.0,38.0
61,2112,4838.906244127748,10,7.0,930.0,6,0.9769023138843514,0,0,True,38.0,38.0
61,2586,4924.724641910594,10,7.0,948.0,7,0.9738932536676416,0,0,True,38.0,38.0
61,3072,4975.172288540429,10,7.0,972.0,8,0.9731988883133481,0,0,True,38.0,38.0
61,3552,4985.070790267671,10,7.0,960.0,9,0.9727459817014983,0,0,True,38.0,38.0
61,4041,4658.203403354309,10,7.0,978.0,10,0.9744621279368119,0,0,True,38.0,38.0
61,4545,27905.94637756924,14,11.0,1008.0,11,0.9737900465757879,0,0,False,1046.0,1046.0
62,75,101.69048747899741,39,36.0,0.0,1,0.4361049922056679,0,0,False,-1498.0,1498.0
62,353,207.6156661335486,16,13.0,556.0,2,0.9999959896684931,0,0,False,-942.0,942.0
62,603,626.3313320054606,66,63.0,500.0,3,0.9999999319310409,0,0,False,-442.0,442.0
62,844,9662.549942533784,10,7.0,482.0,4,0.9948783897132555,0,0,True,40.0,40.0
62,1286,36462.59072609224,17,14.0,884.0,5,0.9846537955210262,0,0,True,86.0,86.0
62,1713,36769.431378174675,16,13.0,854.0,6,0.975288671103699,0,0,True,86.0,86.0
62,2140,37751.1288212596,16,13.0,854.0,7,0.9750626809458526,0,0,True,84.0,84.0
62,2572,38728.459403753426,17,14.0,864.0,8,0.9752420700714316,0,0,True,86.0,86.0
62,3013,36466.58834985988,16,13.0,882.0,9,0.9791038201415452,0,0,True,84.0,84.0
62,3446,38426.02916227241,16,13.0,866.0,10,0.9796466796752537,0,0,True,84.0,84.0
62,3882,38058.30946964465,16,13.0,872.0,11,0.9822514315068214,0,0,True,84.0,84.0
62,4321,36637.4341754034,17,14.0,878.0,12,0.9819192052296217,0,0,True,86.0,86.0
62,4750,38309.3236739796,16,13.0,858.0,13,0.9847950443315566,0,0,False,944.0,944.0
63,58,1.1631421490090728,32,29.0,0.0,1,0.4379452951249617,0,0,False,-1180.0,1180.0
63,319,35004.904527684455,16,13.0,522.0,2,0.9999841378917608,0,0,False,-658.0,658.0
63,667,8628.102430410643,9,6.0,696.0,3,0.984535884629591,0,0,True,38.0,38.0
63,1058,8821.700124255089,9,6.0,782.0,4,0.9733171222028661,0,0,True,38.0,38.0
63,1502,36698.21776072042,16,13.0,888.0,5,0.9668722404500121,0,0,True,82.0,82.0
63,1945,37656.05639729615,15,12.0,886.0,6,0.970053956130088,0,0,True,80.0,80.0
63,2364,37883.604262556415,16,13.0,838.0,7,0.9720921733210235,0,0,True,82.0,82.0
63,2807,9074.142772736006,9,6.0,886.0,8,0.9749885522451928,0,0,True,40.0,40.0
63,3212,8689.134604363173,9,6.0,810.0,9,0.970914028023474,0,0,True,38.0,38.0
63,3583,8393.217162475154,9,6.0,742.0,10,0.9681698246151669,0,0,True,38.0,38.0
63,3993,35340.85300064662,16,13.0,820.0,11,0.9657494773877664,0,0,True,82.0,82.0
63,4414,9344.223113617014,9,6.0,842.0,12,0.972339377579118,0,0,True,40.0,40.0
63,4896,9426.525267041125,9,6.0,964.0,13,0.9756422244565242,0,0,False,1004.0,1004.0
64,52,641.6568869612355,30,27.0,0.0,1,0.4390850455333388,0,0,False,-1260.0,1260.0
64,329,217.93017649816252,17,14.0,554.0,2,0.9999995831794994,0,0,False,-706.0,706.0
64,647,1073.74793629929,18,15.0,636.0,3,0.998366672770855,0,0,True,-70.0,70.0
64,918,1614.5546434277626,71,68.0,542.0,4,0.9966883350145812,0,0,False,-466.0,466.0
64,1171,5509.071550153235,11,8.0,506.0,5,0.9925459413466511,0,0,True,40.0,40.0
64,1572,1055.9160481244796,17,14.0,802.0,6,0.9911186130635055,0,0,True,-74.0,74.0
64,1845,1871.1461258918814,73,70.0,546.0,7,0.9880817931979918,0,0,False,-428.0,428.0
64,2099,28192.902449302277,14,11.0,508.0,8,0.9716063594487957,0,0,True,80.0,80.0
64,2512,6551.0227934869945,10,7.0,826.0,9,0.9687436493856997,0,0,True,38.0,38.0
64,2929,6132.875409615405,11,8.0,834.0,10,0.9567075583203416,0,0,True,38.0,38.0
64,3362,5839.051229914235,11,8.0,866.0,11,0.9410866169718696,0,0,True,38.0,38.0
64,3816,6465.044436011731,11,8.0,908.0,12,0.9300896499266206,0,0,True,38.0,38.0
64,4293,6279.362538327052,10,7.0,954.0,13,0.9303654791065278,0,0,True,38.0,38.0
64,4793,6893.884115141484,11,8.0,1000.0,14,0.9312033546904565,0,0,False,1038.0,1038.0
65,63,31.33069154092429,12,9.0,0.0,1,0.4372298351659417,0,0,False,-932.0,932.0
65,304,202.9589145848678,120,118.0,482.0,2,0.9999974407015456,0,0,False,-450.0,450.0
65,552,4501.903686629893,9,6.0,496.0,3,0.9840183669704129,0,0,True,46.0,46.0
65,843,1372.8219657636014,23,20.0,582.0,4,0.9726138159409009,0,0,True,-78.0,78.0
65,1195,1328.7931839250286,29,26.0,704.0,5,0.9671998700442866,0,0,True,-74.0,74.0
65,1541,1352.2397084437384,23,20.0,692.0,6,0.9536613068369107,0,0,True,-76.0,76.0
65,1890,1259.713763634116,21,18.0,698.0,7,0.95861117156129,0,0,True,-78.0,78.0
65,2240,1227.2668649134434,20,17.0,700.0,8,0.9552506903156158,0,0,True,-70.0,70.0
65,2587,822.5566160672781,27,24.0,694.0,9,0.9407942003449401,0,0,True,-72.0,72.0
65,2931,1397.2500994701109,20,17.0,688.0,10,0.9299729731746738,0,0,True,-76.0,76.0
65,3280,1085.3307411725766,23,20.0,698.0,11,0.9219145172774433,0,0,True,-76.0,76.0
65,3647,1615.4269476288327,32,29.0,734.0,12,0.9201275783787981,0,0,True,-32.0,32.0
65,3973,1089.4929945283297,15,12.0,652.0,13,0.9169680355420691,0,0,True,-76.0,76.0
65,4317,1221.5468085703965,19,16.0,688.0,14,0.9090487050929617,0,0,True,-80.0,80.0
65,4684,1248.051353425664,37,34.0,734.0,15,0.9191419212203695,0,0,False,654.0,654.0
66,52,7096.396309893115,28,25.0,0.0,1,0.4390850455333388,0,0,False,-1780.0,1780.0
66,298,192.16964437198763,32,29.0,492.0,2,0.9942685788786817,0,0,False,-1288.0,1288.0
66,559,884.3740639144478,71,68.0,522.0,3,0.9956028533274645,0,0,False,-766.0,766.0
66,917,262.85094608125996,26,23.0,716.0,4,0.9941759318599884,0,0,True,-50.0,50.0
66,1178,942.5293277620146,72,69.0,522.0,5,0.9943291998385887,0,0,False,472.0,472.0
66,1580,7177.2179383459425,10,7.0,804.0,6,0.9807970860595185,0,0,True,40.0,40.0
66,1897,1288.2384769701662,14,11.0,634.0,7,0.9830436524413257,0,0,True,-44.0,44.0
66,2153,747.1324412088387,71,68.0,512.0,8,0.9803147782610134,0,0,False,468.0,468.0
66,2690,488.10935237662017,20,17.0,1074.0,9,0.9880239343795595,0,0,True,-58.0,58.0
66,2955,750.3657942735498,71,68.0,530.0,10,0.9850453429349191,0,0,False,472.0,472.0
66,3387,6542.504006734879,10,7.0,864.0,11,0.9781425972592891,0,0,True,40.0,40.0
66,3998,7951.94473861683,10,7.0,1222.0,12,0.9764080533236974,0,0,True,38.0,38.0
66,4618,7074.972801692553,10,7.0,1240.0,13,0.9813192112878116,0,0,False,1278.0,1278.0
67,58,2.561368436315655,34,31.0,0.0,1,0.4379452951249617,0,0,False,-1660.0,1660.0
67,338,59.88252462510523,29,26.0,560.0,2,0.999851506395392,0,0,False,-1100.0,1100.0
67,601,52.160075237115926,74,71.0,526.0,3,0.9999911594227582,0,0,False,-574.0,574.0
67,844,56.81031603681487,17,14.0,486.0,4,0.9978520842599885,0,0,True,-88.0,88.0
67,1085,247.5490046058378,21,18.0,482.0,5,0.9999743395697375,0,0,False,394.0,394.0
67,1471,38968.095159381286,16,13.0,772.0,6,0.9986340587286202,0,0,True,86.0,86.0
67,2024,37490.106178226924,17,14.0,1106.0,7,0.9973745312597925,0,0,True,88.0,88.0
67,2560,37997.873798723136,17,14.0,1072.0,8,0.9966571350400419,0,0,True,88.0,88.0
67,3074,37749.648961161365,16,13.0,1028.0,9,0.9970452997026784,0,0,True,88.0,88.0
67,3580,40344.65983199496,16,13.0,1012.0,10,0.9973610272521097,0,0,True,86.0,86.0
67,4098,39595.6443336925,16,13.0,1036.0,11,0.9975293120047855,0,0,True,86.0,86.0
67,4629,37388.42849006875,16,13.0,1062.0,12,0.9976950710510252,0,0,False,1148.0,1148.0
68,60,78.50945592334597,31,28.0,0.0,1,0.437636933198104,0,0,False,-944.0,944.0
68,352,9.902063180509758,120,118.0,584.0,2,0.999995693129776,0,0,False,-360.0,360.0
68,672,44.09770936360002,18,15.0,640.0,3,0.9999999554466931,0,0,False,280.0,280.0
68,1045,39328.60551247137,15,12.0,746.0,4,0.9978741870456935,0,0,True,78.0,78.0
68,1510,38999.401026412816,15,12.0,930.0,5,0.9957097058349925,0,0,True,80.0,80.0
68,1960,9180.975440235543,10,7.0,900.0,6,0.995308599426264,0,0,True,36.0,36.0
68,2438,39498.16936389467,15,12.0,956.0,7,0.9939358445721971,0,0,True,78.0,78.0
68,2887,41484.871584008826,15,12.0,898.0,8,0.9939780368021712,0,0,True,80.0,80.0
68,3348,39806.12516617405,15,12.0,922.0,9,0.99448185046883,0,0,True,78.0,78.0
68,3810,39343.76374753162,15,12.0,924.0,10,0.9946583779368513,0,0,True,80.0,80.0
68,4263,38419.44410673199,15,12.0,906.0,11,0.9947725100983406,0,0,True,80.0,80.0
68,4688,9497.880030860088,10,7.0,850.0,12,0.9949861142818608,0,0,False,930.0,930.0
69,62,121.8529814891358,32,29.0,0.0,1,0.4373586365591149,0,0,False,-1342.0,1342.0
69,319,1073.32913551585,15,12.0,514.0,2,0.9999962155638431,0,0,False,-828.0,828.0
69,597,233.55098466638873,99,96.0,556.0,3,0.9999999159572024,0,0,False,-272.0,272.0
69,1132,4857.569172894572,10,7.0,1070.0,4,0.9808350380687219,0,0,True,40.0,40.0
69,1524,4723.378648091705,9,6.0,784.0,5,0.9685726527885133,0,0,True,38.0,38.0
69,1911,4477.547273683086,9,6.0,774.0,6,0.959605206160907,0,0,True,38.0,38.0
69,2294,4300.224563487793,10,7.0,766.0,7,0.9505093608170233,0,0,True,40.0,40.0
69,2673,4661.882258339417,9,6.0,758.0,8,0.9425307259239764,0,0,True,38.0,38.0
69,3055,4770.779429421466,9,6.0,764.0,9,0.9352560342458612,0,0,True,38.0,38.0
69,3444,4668.42891576914,10,7.0,778.0,10,0.9327825837777842,0,0,True,40.0,40.0
69,3828,4685.483996149063,9,6.0,768.0,11,0.9269342801344519,0,0,True,38.0,38.0
69,4207,4478.2495267015665,10,7.0,758.0,12,0.9223368652115702,0,0,True,40.0,40.0
69,4580,4889.6206591396885,10,7.0,746.0,13,0.9182942360641514,0,0,True,38.0,38.0
69,4955,5009.402385659499,9,6.0,750.0,14,0.9131134265964366,0,0,False,788.0,788.0
70,67,35792.41439612446,17,14.0,0.0,1,0.43677588995086836,0,0,False,-586.0,586.0
70,400,33251.404665627415,16,13.0,666.0,2,0.9905938647232263,0,0,True,80.0,80.0
70,713,8979.608243220006,9,6.0,626.0,3,0.9913427454080828,0,0,True,38.0,38.0
70,1072,34783.47874794425,16,13.0,718.0,4,0.9886925019775819,0,0,True,82.0,82.0
70,1390,9765.401143521633,10,7.0,636.0,5,0.9903714312614691,0,0,True,38.0,38.0
70,1748,36935.670064853024,16,13.0,716.0,6,0.9896017257499135,0,0,True,82.0,82.0
70,2086,36327.87651318542,16,13.0,676.0,7,0.9908229009918464,0,0,True,82.0,82.0
70,2426,35144.957704857785,16,13.0,680.0,8,0.991293345225379,0,0,True,82.0,82.0
70,2760,35115.158049566424,16,13.0,668.0,9,0.9921901581979122,0,0,True,82.0,82.0
70,3065,8909.176179854807,9,6.0,610.0,10,0.9927200295601408,0,0,True,38.0,38.0
70,3387,8802.242264863813,10,7.0,644.0,11,0.992340780255734,0,0,True,38.0,38.0
70,3730,34307.54009510255,16,13.0,686.0,12,0.9918513652137344,0,0,True,82.0,82.0
70,4053,35109.05385257013,16,13.0,646.0,13,0.992122889021633,0,0,True,82.0,82.0
70,4385,36519.77225209473,16,13.0,664.0,14,0.9923581394318195,0,0,True,82.0,82.0
70,4736,36944.18997267141,16,13.0,702.0,15,0.9926014388655992,0,0,False,784.0,784.0
71,60,9482.041928039947,9,6.0,0.0,1,0.437636933198104,0,0,False,-982.0,982.0
71,520,256.6783333811064,20,17.0,920.0,2,0.9812704840871768,0,0,True,-62.0,62.0
71,1007,497.51672491399825,18,15.0,974.0,3,0.9721957672437425,0,0,True,-60.0,60.0
71,1495,299.25916240782783,19,16.0,976.0,4,0.9654253054426103,0,0,True,-60.0,60.0
71,2007,307.3786153412362,19,16.0,1024.0,5,0.9679924177885595,0,0,True,-62.0,62.0
71,2557,423.02764839953954,18,15.0,1100.0,6,0.9601858675569696,0,0,True,-62.0,62.0
71,3118,271.2081639632487,20,17.0,1122.0,7,0.9641995093521231,0,0,True,-60.0,60.0
71,3663,359.86820725804375,17,14.0,1090.0,8,0.9655668288974785,0,0,True,-62.0,62.0
71,4197,377.25950331738494,16,13.0,1068.0,9,0.963641954008293,0,0,True,-62.0,62.0
71,4788,28511.487320580247,16,13.0,1182.0,10,0.9593236162438449,0,0,False,1120.0,1120.0
72,51,6808.16436438263,25,22.0,0.0,1,0.4393114895774276,0,0,False,-1560.0,1560.0
72,366,9530.744812839579,14,11.0,630.0,2,0.9960889252818043,0,0,False,-930.0,930.0
72,870,6498.267146842652,13,10.0,1008.0,3,0.9893196830850602,0,0,True,78.0,78.0
72,1372,9216.53680671319,13,10.0,1004.0,4,0.9785347041161231,0,0,True,78.0,78.0
72,1851,802.8345813471926,9,6.0,958.0,5,0.9810972068448904,0,0,True,38.0,38.0
72,2353,1248.2577970178686,9,6.0,1004.0,6,0.9730396761159917,0,0,True,40.0,40.0
72,2852,865.3682750126587,9,6.0,998.0,7,0.9652155472903559,0,0,True,38.0,38.0
72,3210,6710.176218072187,11,8.0,716.0,8,0.9547356171334345,0,0,True,72.0,72.0
72,3702,1070.6271849262762,8,5.0,984.0,9,0.9580441577561752,0,0,True,38.0,38.0
72,4237,5975.954424198926,27,24.0,1070.0,10,0.957250899992096,0,0,True,108.0,108.0
72,4704,1269.924215930884,9,6.0,934.0,11,0.9594624264718766,0,0,False,1042.0,1042.0
73,54,105.45627579637926,34,31.0,0.0,1,0.4386655579416643,0,0,False,-1542.0,1542.0
73,350,17343.538812305807,14,11.0,592.0,2,0.9999952929109011,0,0,False,-950.0,950.0
73,865,18245.04464539478,14,11.0,1030.0,3,0.9890100460920087,0,0,True,80.0,80.0
73,1378,17443.24274492683,14,11.0,1026.0,4,0.9804759214296153,0,0,True,80.0,80.0
73,1891,19240.184040337605,14,11.0,1026.0,5,0.9767319346579867,0,0,True,80.0,80.0
73,2406,16673.006999448142,14,11.0,1030.0,6,0.9789622923229648,0,0,True,78.0,78.0
73,2895,4171.9472299523895,11,8.0,978.0,7,0.9762577450676445,0,0,True,40.0,40.0
73,3426,18977.30816664259,15,12.0,1062.0,8,0.9767999370557063,0,0,True,82.0,82.0
73,3934,18185.053543371185,14,11.0,1016.0,9,0.9791205032140785,0,0,True,80.0,80.0
73,4439,21061.60714368264,14,11.0,1010.0,10,0.9813342741902719,0,0,True,80.0,80.0
73,4919,3954.3766732840036,11,8.0,960.0,11,0.9832641729826708,0,0,False,1040.0,1040.0
74,51,275.2891120537246,29,26.0,0.0,1,0.4393114895774276,0,0,False,-1154.0,1154.0
74,292,26.347075438101562,120,118.0,482.0,2,0.9999972425827476,0,0,False,-672.0,672.0
74,695,2451.0250386885023,19,16.0,806.0,3,0.9916042875836488,0,0,True,134.0,134.0
74,1167,558.4895604063236,12,9.0,944.0,4,0.9863501275590232,0,0,True,82.0,82.0
74,1667,646.9531721580313,13,10.0,1000.0,5,0.9804173991532477,0,0,True,82.0,82.0
74,2125,140.5637936963471,10,7.0,916.0,6,0.981563290080757,0,0,True,-8.0,8.0
74,2389,267.15666934500234,72,69.0,528.0,7,0.9796079691977684,0,0,False,-488.0,488.0
74,2669,675.8654641832156,12,9.0,560.0,8,0.9822682907531587,0,0,True,72.0,72.0
74,3168,503.545232255718,13,10.0,998.0,9,0.9827877083289094,0,0,True,98.0,98.0
74,3654,4571.054730137589,20,17.0,972.0,10,0.9845364155420725,0,0,True,52.0,52.0
74,3894,304.62768811003195,21,18.0,480.0,11,0.9889640504647961,0,0,False,-474.0,474.0
74,4169,772.0164467897401,15,12.0,550.0,12,0.9901238534480196,0,0,True,76.0,76.0
74,4670,614.2588895968556,12,9.0,1002.0,13,0.9842331299020943,0,0,True,84.0,84.0
75,65,182.77781503702224,19,16.0,0.0,1,0.43699123058508843,0,0,False,-1064.0,1064.0
75,347,424.11436815030976,71,68.0,564.0,2,0.9999995776269806,0,0,False,-500.0,500.0
75,640,21612.380620073556,17,14.0,586.0,3,0.9903059843606856,0,0,True,86.0,86.0
75,1123,22972.473733643063,17,14.0,966.0,4,0.9865874773908507,0,0,True,86.0,86.0
75,1612,21150.71078002999,17,14.0,978.0,5,0.9815932914778132,0,0,True,86.0,86.0
75,2100,20557.94833424412,17,14.0,976.0,6,0.9808179658177929,0,0,True,86.0,86.0
75,2579,24001.950581546313,17,14.0,958.0,7,0.979731202289806,0,0,True,86.0,86.0
75,3063,21152.6474297827,17,14.0,968.0,8,0.9771914003312582,0,0,True,86.0,86.0
75,3545,19463.150095077395,17,14.0,964.0,9,0.9790400303887056,0,0,True,86.0,86.0
75,4017,22356.606192324936,17,14.0,944.0,10,0.9817472432381148,0,0,True,86.0,86.0
75,4494,21914.8905294593,17,14.0,954.0,11,0.9804251973113963,0,0,True,86.0,86.0
75,4975,20955.397252120227,17,14.0,962.0,12,0.9813135294215629,0,0,False,1048.0,1048.0
76,52,3776.825097025509,23,20.0,0.0,1,0.4390850455333388,0,0,False,-1212.0,1212.0
76,304,19545.55136709181,15,12.0,504.0,2,0.9800939958357555,0,0,False,-708.0,708.0
76,699,25677.821061762872,15,12.0,790.0,3,0.9844468121314471,0,0,True,82.0,82.0
76,1101,27743.939807444833,15,12.0,804.0,4,0.9875827634745503,0,0,True,86.0,86.0
76,1509,22778.225416915455,14,11.0,816.0,5,0.9888436339703328,0,0,True,80.0,80.0
76,1907,23152.29324587332,15,12.0,796.0,6,0.9893998289515114,0,0,True,84.0,84.0
76,2313,26778.491609411092,15,12.0,812.0,7,0.9890612556305542,0,0,True,82.0,82.0
76,2724,27110.949780262374,15,12.0,822.0,8,0.991275393868113,0,0,True,80.0,80.0
76,3129,19354.391611909545,15,12.0,810.0,9,0.9921048597330748,0,0,True,82.0,82.0
76,3529,25810.46931927015,15,12.0,800.0,10,0.9918007706682264,0,0,True,82.0,82.0
76,3923,32948.2082474637,15,12.0,788.0,11,0.9918137144683021,0,0,True,82.0,82.0
76,4316,29689.477798363136,15,12.0,786.0,12,0.9917012125237266,0,0,True,82.0,82.0
76,4698,31758.06441851524,15,12.0,764.0,13,0.9920098584062901,0,0,True,80.0,80.0
77,54,95.76587317813554,28,25.0,0.0,1,0.4386655579416643,0,0,False,-1340.0,1340.0
77,299,1164.918316433023,34,31.0,490.0,2,0.9999939426051392,0,0,False,-850.0,850.0
77,550,340.45879021825755,69,66.0,502.0,3,0.9983099133837321,0,0,False,-348.0,348.0
77,808,2849.5381939893737,75,72.0,516.0,4,0.9998166431014675,0,0,False,168.0,168.0
77,1076,1639.2511271882972,24,21.0,536.0,5,0.9931146305405432,0,0,True,-88.0,88.0
77,1546,5053.9270959372325,10,7.0,940.0,6,0.973528177275907,0,0,True,40.0,40.0
77,1946,4836.781967245083,10,7.0,800.0,7,0.9516001622144913,0,0,True,38.0,38.0
77,2283,1682.445439544715,18,15.0,674.0,8,0.9495348917328512,0,0,True,-96.0,96.0
77,2744,4603.681799410445,10,7.0,922.0,9,0.9448106178112535,0,0,True,42.0,42.0
77,3144,6688.5049341651265,10,7.0,800.0,10,0.9342359246268503,0,0,True,42.0,42.0
77,3545,5264.0559246849425,11,8.0,802.0,11,0.9344861586160768,0,0,True,40.0,40.0
77,3946,4398.356526239358,10,7.0,802.0,12,0.928077494356194,0,0,True,38.0,38.0
77,4350,4487.800681900191,10,7.0,808.0,13,0.9188428093643578,0,0,True,40.0,40.0
77,4688,1898.0053779106042,35,32.0,676.0,14,0.9207617657340035,0,0,False,716.0,716.0
78,53,617.0862068406901,30,27.0,0.0,1,0.43886992369145444,0,0,False,-1360.0,1360.0
78,297,17740.96640326071,19,16.0,488.0,2,0.9999970489825932,0,0,False,-872.0,872.0
78,753,5912.672310308819,10,7.0,912.0,3,0.9785784602589643,0,0,True,40.0,40.0
78,1141,21089.093321876197,19,16.0,776.0,4,0.971231042566809,0,0,True,88.0,88.0
78,1711,18385.986250150985,18,15.0,1140.0,5,0.9739334969289661,0,0,True,86.0,86.0
78,2201,21178.14159268031,18,15.0,980.0,6,0.9734089480237744,0,0,True,86.0,86.0
78,2689,19309.592740921747,18,15.0,976.0,7,0.9732267624828552,0,0,True,84.0,84.0
78,3174,17524.873245847597,19,16.0,970.0,8,0.9737363526835605,0,0,True,86.0,86.0
78,3621,6789.360138337795,10,7.0,894.0,9,0.9717197552317296,0,0,True,40.0,40.0
78,4090,5578.7097772232755,9,6.0,938.0,10,0.9684746239470062,0,0,True,38.0,38.0
78,4573,5241.761204458794,9,6.0,966.0,11,0.9671842253564616,0,0,False,1004.0,1004.0
79,54,724.2842781596385,33,30.0,0.0,1,0.4386655579416643,0,0,False,-1138.0,1138.0
79,329,240.0647068834356,109,106.0,550.0,2,0.9999983025141671,0,0,False,-588.0,588.0
79,571,215.8074063394625,15,12.0,484.0,3,0.9999700458830864,0,0,True,-104.0,104.0
79,835,719.8557672250172,24,21.0,528.0,4,0.9999983444633072,0,0,False,424.0,424.0
79,1202,11219.8908115641,11,8.0,734.0,5,0.9728957771641226,0,0,True,72.0,72.0
79,1719,13786.892780964228,13,10.0,1034.0,6,0.9710100243694492,0,0,True,82.0,82.0
79,2236,2029.9685746868113,9,6.0,1034.0,7,0.9659429718610295,0,0,True,38.0,38.0
79,2781,1976.592733327186,10,7.0,1090.0,8,0.9643632189164159,0,0,True,38.0,38.0
79,3327,13470.691671425162,12,9.0,1092.0,9,0.9396570408171429,0,0,True,76.0,76.0
79,3817,2066.268363227087,9,6.0,980.0,10,0.9487516975292242,0,0,True,40.0,40.0
79,4335,2112.7316103616986,9,6.0,1036.0,11,0.9525027154741026,0,0,True,38.0,38.0
79,4867,1876.3488967316036,9,6.0,1064.0,12,0.9564677448711522,0,0,False,1102.0,1102.0
80,52,1322.3282760201987,27,24.0,0.0,1,0.4390850455333388,0,0,False,-664.0,664.0
80,315,182.2200269344402,14,11.0,526.0,2,0.9984929713742775,0,0,True,-138.0,138.0
80,798,9222.137154720729,10,7.0,966.0,3,0.9848134476228995,0,0,True,40.0,40.0
80,1196,9860.907613302534,10,7.0,796.0,4,0.9725829252675201,0,0,True,40.0,40.0
80,1597,10625.492439589656,10,7.0,802.0,5,0.9649812486262235,0,0,True,38.0,38.0
80,2001,9143.914606423854,10,7.0,808.0,6,0.9640592118806636,0,0,True,40.0,40.0
80,2399,9545.081151405251,10,7.0,796.0,7,0.9630729174252457,0,0,True,40.0,40.0
80,2800,9470.538998002272,10,7.0,802.0,8,0.9637173639627572,0,0,True,40.0,40.0
80,3208,9687.677813505117,10,7.0,816.0,9,0.9632643218591463,0,0,True,40.0,40.0
80,3613,9973.127152238538,10,7.0,810.0,10,0.9638373592230194,0,0,True,40.0,40.0
80,4018,9412.690765684918,10,7.0,810.0,11,0.9639778212188059,0,0,True,40.0,40.0
80,4423,9589.856981454173,9,6.0,810.0,12,0.9636605596926459,0,0,True,38.0,38.0
80,4817,9939.937737758899,10,7.0,788.0,13,0.961627734863542,0,0,False,826.0,826.0
81,52,756.6409230736996,30,27.0,0.0,1,0.4390850455333388,0,0,False,-1124.0,1124.0
81,371,55.67463899514669,19,16.0,638.0,2,0.999999928635488,0,0,False,-486.0,486.0
81,654,34414.24955021306,15,12.0,566.0,3,0.9923751632444802,0,0,True,80.0,80.0
81,1058,31302.323265175968,14,11.0,808.0,4,0.9894776347429578,0,0,True,80.0,80.0
81,1436,36104.0637160421,15,12.0,756.0,5,0.9880174060548896,0,0,True,80.0,80.0
81,1836,36699.41505259498,15,12.0,800.0,6,0.9878524052590982,0,0,True,80.0,80.0
81,2189,8131.4089751312695,9,6.0,706.0,7,0.9878561488561821,0,0,True,38.0,38.0
81,2574,8247.356004388737,10,7.0,770.0,8,0.9863303294535275,0,0,True,40.0,40.0
81,2952,7290.055263990493,10,7.0,756.0,9,0.9849055115592278,0,0,True,40.0,40.0
81,3349,30109.83810205917,15,12.0,794.0,10,0.983605811851082,0,0,True,80.0,80.0
81,3728,33600.442611825405,15,12.0,758.0,11,0.9847504733910224,0,0,True,80.0,80.0
81,4116,7692.298617226375,10,7.0,776.0,12,0.9866435752204044,0,0,True,40.0,40.0
81,4555,32315.639290016163,15,12.0,878.0,13,0.9858716104873527,0,0,True,80.0,80.0
82,54,79.51041977987576,18,15.0,0.0,1,0.4386655579416643,0,0,False,-1740.0,1740.0
82,309,357.1635344985948,69,66.0,510.0,2,0.9999957875957993,0,0,False,-1230.0,1230.0
82,889,232.72487520859644,14,11.0,1160.0,3,0.9789854260360618,0,0,True,-70.0,70.0
82,1175,360.1225815295813,81,78.0,572.0,4,0.997033469323935,0,0,False,502.0,502.0
82,1481,473.90911178157137,14,11.0,612.0,5,0.9941934325707733,0,0,True,-70.0,70.0
82,2117,3668.6266255757787,9,6.0,1272.0,6,0.9723909633553274,0,0,True,66.0,66.0
82,2734,20553.603056073367,16,13.0,1234.0,7,0.961749166987552,0,0,True,112.0,112.0
82,3307,17029.17910408047,16,13.0,1146.0,8,0.9616066724226435,0,0,True,112.0,112.0
82,3871,16970.130458837913,16,13.0,1128.0,9,0.9651982616765679,0,0,True,112.0,112.0
82,4429,4186.437874438414,9,6.0,1116.0,10,0.9694981114211604,0,0,True,66.0,66.0
82,4987,2820.746244520482,9,6.0,1116.0,11,0.9622204822889201,0,0,False,1182.0,1182.0
83,53,47.02647028034224,19,16.0,0.0,1,0.43886992369145444,0,0,False,-664.0,664.0
83,297,23.995221030262126,29,26.0,488.0,2,0.999997216252589,0,0,False,-176.0,176.0
83,548,744.2420015589668,22,19.0,502.0,3,0.9999999473206513,0,0,False,-276.0,276.0
83,1264,1727.8385496350297,16,13.0,1432.0,4,0.9856170654048428,0,0,True,120.0,120.0
83,1826,1243.490060437284,16,13.0,1124.0,5,0.9816455122551497,0,0,True,122.0,122.0
83,2249,1376.6032351384551,34,31.0,846.0,6,0.9799483272842411,0,0,False,160.0,160.0
83,2633,1763.4889676778616,15,12.0,768.0,7,0.9822355159807633,0,0,True,32.0,32.0
83,3324,1700.6486152389898,16,13.0,1382.0,8,0.9798553854140434,0,0,True,120.0,120.0
83,3827,1736.8765833101431,16,13.0,1006.0,9,0.9766422252466924,0,0,True,122.0,122.0
83,4190,1834.331013857901,15,12.0,726.0,10,0.9699455452742537,0,0,True,116.0,116.0
83,4646,1020.4719834401461,20,17.0,912.0,11,0.9703563360710968,0,0,True,88.0,88.0
84,53,11425.003032731967,21,18.0,0.0,1,0.43886992369145444,0,0,False,-1354.0,1354.0
84,308,2982.540416577765,67,64.0,510.0,2,0.9955196321610814,0,0,False,-844.0,844.0
84,749,2160.310703969151,9,6.0,882.0,3,0.9891231817749468,0,0,True,38.0,38.0
84,1279,16073.100701262712,24,21.0,1060.0,4,0.985451606479486,0,0,True,100.0,100.0
84,1779,15566.865510328373,24,21.0,1000.0,5,0.9874428299028173,0,0,True,100.0,100.0
84,2248,2027.1588521532008,9,6.0,938.0,6,0.9881845371851135,0,0,True,38.0,38.0
84,2749,2697.4781406282314,9,6.0,1002.0,7,0.9840092943085794,0,0,True,40.0,40.0
84,3279,15238.816098669002,24,21.0,1060.0,8,0.9822043351126157,0,0,True,100.0,100.0
84,3748,2306.1128570401224,9,6.0,938.0,9,0.9854671973075104,0,0,True,38.0,38.0
84,4280,14771.008583357869,25,22.0,1064.0,10,0.9865237777485633,0,0,True,102.0,102.0
84,4767,15431.477812743396,13,10.0,974.0,11,0.988350427868825,0,0,False,1076.0,1076.0
85,52,822.0962168199248,20,17.0,0.0,1,0.4390850455333388,0,0,False,-1340.0,1340.0
85,308,848.774707120124,34,31.0,512.0,2,0.9999971779083342,0,0,False,-828.0,828.0
85,551,124.62262447435072,64,61.0,486.0,3,0.9987986877190391,0,0,False,-342.0,342.0
85,1155,23585.897468626365,13,10.0,1208.0,4,0.9806235672868195,0,0,True,74.0,74.0
85,1531,4834.42421131149,11,8.0,752.0,5,0.9815338414748077,0,0,True,34.0,34.0
85,1939,22112.38744720931,15,12.0,816.0,6,0.9720279730133716,0,0,True,76.0,76.0
85,2333,28182.088439558924,13,10.0,788.0,7,0.9717697312642525,0,0,True,72.0,72.0
85,2726,24070.32791071591,14,11.0,786.0,8,0.9726363251951577,0,0,True,74.0,74.0
85,3128,23024.835173449545,14,11.0,804.0,9,0.9712178386828945,0,0,True,76.0,76.0
85,3525,6567.260260787402,11,8.0,794.0,10,0.9724972714836234,0,0,True,34.0,34.0
85,3960,24976.80748489549,13,10.0,870.0,11,0.9691421526302699,0,0,True,74.0,74.0
85,4372,22163.732950373684,14,11.0,824.0,12,0.9709830441967979,0,0,True,78.0,78.0
85,4780,26239.045427157205,13,10.0,816.0,13,0.9719323297890423,0,0,False,894.0,894.0
86,52,2283.9553344800684,28,25.0,0.0,1,0.4390850455333388,0,0,False,-1140.0,1140.0
86,333,25760.15528711462,17,14.0,562.0,2,0.997107850806574,0,0,False,-578.0,578.0
86,598,1076.9251252464912,16,13.0,530.0,3,0.9921089107736948,0,0,True,-48.0,48.0
86,929,867.3564099201163,18,15.0,662.0,4,0.985984092508537,0,0,True,-46.0,46.0
86,1259,788.0341697393994,18,15.0,660.0,5,0.9784259484420206,0,0,True,-50.0,50.0
86,1589,934.3060441836536,20,17.0,660.0,6,0.9713406727540472,0,0,True,-50.0,50.0
86,1923,748.8505293661049,18,15.0,668.0,7,0.9657042847754647,0,0,True,-48.0,48.0
86,2259,893.843720437502,19,16.0,672.0,8,0.9612161237117687,0,0,True,-46.0,46.0
86,2596,786.3792642426497,20,17.0,674.0,9,0.9568085891476155,0,0,True,-48.0,48.0
86,2934,1041.3503599463597,20,17.0,676.0,10,0.9540548886384932,0,0,True,-50.0,50.0
86,3275,883.7669456356565,22,19.0,682.0,11,0.9455359993017456,0,0,True,-52.0,52.0
86,3620,875.2770250041688,19,16.0,690.0,12,0.9423860280111112,0,0,True,-50.0,50.0
86,3967,776.8300832127812,18,15.0,694.0,13,0.9411143895224889,0,0,True,-48.0,48.0
86,4312,852.5087999770521,20,17.0,690.0,14,0.9366385993472512,0,0,True,-50.0,50.0
86,4655,898.8721810127417,19,16.0,686.0,15,0.9357871798432026,0,0,False,636.0,636.0
86,4988,769.8681604687284,18,15.0,666.0,16,0.9383009248114718,0,0,False,1302.0,1302.0
87,50,238.90294659659202,30,27.0,0.0,1,0.43954985172910005,0,0,False,-1178.0,1178.0
87,307,88.60770727435059,33,30.0,514.0,2,0.9999917158038841,0,0,False,-664.0,664.0
87,615,82.16030084601425,17,14.0,616.0,3,0.9999945509027364,0,0,True,-48.0,48.0
87,861,21.901002656554784,75,72.0,492.0,4,0.9999995632642941,0,0,False,-206.0,206.0
87,1332,44731.73333459124,14,11.0,942.0,5,0.9982871509138183,0,0,True,80.0,80.0
87,1671,43558.36085546792,15,12.0,678.0,6,0.9980316764667425,0,0,True,82.0,82.0
87,1996,43246.889289773164,15,12.0,650.0,7,0.9980278110460262,0,0,True,82.0,82.0
87,2325,44348.64454737918,15,12.0,658.0,8,0.997895081884295,0,0,True,80.0,80.0
87,2665,43964.59062495082,14,11.0,680.0,9,0.9978474556418894,0,0,True,80.0,80.0
87,3021,43424.23947578554,15,12.0,712.0,10,0.997940632373838,0,0,True,80.0,80.0
87,3366,43906.63537253121,15,12.0,690.0,11,0.9981104989962294,0,0,True,82.0,82.0
87,3726,43900.71530696347,14,11.0,720.0,12,0.998246711056681,0,0,True,80.0,80.0
87,4092,43791.17418634186,15,12.0,732.0,13,0.9982964895938256,0,0,True,80.0,80.0
87,4448,44057.545892451264,15,12.0,712.0,14,0.9983885627686896,0,0,True,82.0,82.0
87,4788,44683.20004610709,15,12.0,680.0,15,0.9983301080007212,0,0,False,762.0,762.0
88,54,3265.336353798514,33,30.0,0.0,1,0.4386655579416643,0,0,False,-1112.0,1112.0
88,310,2314.6809135499543,10,7.0,512.0,2,0.9959621829684794,0,0,False,-600.0,600.0
88,558,355.8076934647414,18,15.0,496.0,3,0.9922092988373328,0,0,True,-104.0,104.0
88,800,138.65964565239855,120,118.0,484.0,4,0.9967879784066678,0,0,True,-102.0,102.0
88,1208,1615.9347862671564,9,6.0,816.0,5,0.9892858809336195,0,0,True,40.0,40.0
88,1560,3688.115005008178,10,7.0,704.0,6,0.97366229625599,0,0,True,42.0,42.0
88,1850,14740.365309834224,17,14.0,580.0,7,0.963704987670304,0,0,True,92.0,92.0
88,2107,2685.696907778053,10,7.0,514.0,8,0.9723001143622274,0,0,True,42.0,42.0
88,2603,2158.0152866547137,10,7.0,992.0,9,0.9602804786479121,0,0,True,42.0,42.0
88,2953,9043.884740273643,16,13.0,700.0,10,0.9536947661780404,0,0,True,88.0,88.0
88,3270,11150.963685301569,17,14.0,634.0,11,0.9564292717320174,0,0,True,88.0,88.0
88,3761,9862.94273665055,17,14.0,982.0,12,0.9490499988412158,0,0,True,90.0,90.0
88,4052,2508.4569682405354,10,7.0,582.0,13,0.9499700239013481,0,0,True,42.0,42.0
88,4343,13281.380151952759,17,14.0,582.0,14,0.9487069314654238,0,0,True,90.0,90.0
88,4756,9348.674671736995,17,14.0,826.0,15,0.9542361370943875,0,0,False,916.0,916.0
89,76,204.392983674859,27,24.0,0.0,1,0.4360388730301671,0,0,False,-1328.0,1328.0
89,327,791.9909346001426,18,15.0,502.0,2,0.9999944843212247,0,0,False,-826.0,826.0
89,577,241.80341779215223,79,76.0,500.0,3,0.9999993271351656,0,0,False,-326.0,326.0
89,1126,858.8185215488866,15,12.0,1098.0,4,0.9790500519842885,0,0,True,-42.0,42.0
89,1588,5226.357926576067,10,7.0,924.0,5,0.9623107806793667,0,0,True,36.0,36.0
89,1983,941.248913879369,15,12.0,790.0,6,0.9587125326554672,0,0,True,-38.0,38.0
89,2383,1013.2783849549811,15,12.0,800.0,7,0.9559749801581373,0,0,True,-40.0,40.0
89,2777,857.8994369425042,16,13.0,788.0,8,0.9532933496440741,0,0,True,-38.0,38.0
89,3186,903.4696268245532,18,15.0,818.0,9,0.9436482504564002,0,0,True,-40.0,40.0
89,3630,933.6783684823556,16,13.0,888.0,10,0.9353128412189298,0,0,True,-34.0,34.0
89,4081,1048.0975350220442,17,14.0,902.0,11,0.9355778963620202,0,0,True,-32.0,32.0
89,4534,839.7762503363708,16,13.0,906.0,12,0.9384358779343673,0,0,True,-36.0,36.0
89,4928,1496.4539666287947,14,11.0,788.0,13,0.9357513312360065,0,0,False,752.0,752.0
90,52,1497.1501619345142,31,28.0,0.0,1,0.4390850455333388,0,0,False,-1350.0,1350.0
90,306,7977.840338303255,32,29.0,508.0,2,0.9995265745465618,0,0,False,-842.0,842.0
90,762,504.17314471438476,21,18.0,912.0,3,0.9947923992938572,0,0,True,70.0,70.0
90,1262,397.2129115693691,31,28.0,1000.0,4,0.979542368223846,0,0,True,56.0,56.0
90,1762,370.503841921174,29,26.0,1000.0,5,0.9679980837066016,0,0,True,78.0,78.0
90,2259,572.1683814519278,28,25.0,994.0,6,0.9674739359187313,0,0,True,88.0,88.0
90,2761,460.6019846066609,27,24.0,1004.0,7,0.9695920150903476,0,0,True,66.0,66.0
90,3263,287.5954162140642,23,20.0,1004.0,8,0.9675843553198923,0,0,True,66.0,66.0
90,3757,730.6590309825317,23,20.0,988.0,9,0.9545359504487758,0,0,True,50.0,50.0
90,4264,371.1468680182073,27,24.0,1014.0,10,0.9419286602962971,0,0,True,66.0,66.0
90,4761,530.9000640597113,20,17.0,994.0,11,0.9401331397150365,0,0,False,1060.0,1060.0
91,51,2141.8565674854153,31,28.0,0.0,1,0.4393114895774276,0,0,False,-984.0,984.0
91,347,190.1142857611017,17,14.0,592.0,2,0.9999995946889343,0,0,False,-392.0,392.0
91,606,2505.0661692602916,41,38.0,518.0,3,0.9959182034206001,0,0,True,126.0,126.0
91,954,3323.0329369304236,19,16.0,696.0,4,0.9763980617008327,0,0,True,88.0,88.0
91,1325,3193.7185834437614,20,17.0,742.0,5,0.9553869454204856,0,0,True,88.0,88.0
91,1692,3897.8086963792084,18,15.0,734.0,6,0.9489332453376373,0,0,True,86.0,86.0
91,2036,1197.3307310230225,10,7.0,688.0,7,0.9473010909834618,0,0,True,42.0,42.0
91,2407,1357.6261104174464,10,7.0,742.0,8,0.9382117047155714,0,0,True,40.0,40.0
91,2813,3434.3436505919008,18,15.0,812.0,9,0.9335953684123164,0,0,True,86.0,86.0
91,3201,3310.7928395944937,19,16.0,776.0,10,0.9378711157225501,0,0,True,88.0,88.0
91,3569,1085.141241365033,10,7.0,736.0,11,0.9417544442046223,0,0,True,40.0,40.0
91,3907,3072.0255783260063,19,16.0,676.0,12,0.9384782500091104,0,0,True,88.0,88.0
91,4307,1153.5334438359089,10,7.0,800.0,13,0.9460485554952812,0,0,True,40.0,40.0
91,4611,1466.340827973141,10,7.0,608.0,14,0.9425199065032803,0,0,False,648.0,648.0
92,54,268.4547961669206,23,20.0,0.0,1,0.4386655579416643,0,0,False,-752.0,752.0
92,319,75.49337937844716,73,70.0,530.0,2,0.9999989969818194,0,0,False,-222.0,222.0
92,781,4549.84604134835,15,12.0,924.0,3,0.9706370910472027,0,0,True,80.0,80.0
92,1088,5031.923275214171,14,11.0,614.0,4,0.9555448400819544,0,0,True,78.0,78.0
92,1369,1360.6410471631352,10,7.0,562.0,5,0.9527751569407544,0,0,True,38.0,38.0
92,1685,1234.4246926785718,11,8.0,632.0,6,0.9438126307973309,0,0,True,38.0,38.0
92,2014,4180.307058703311,14,11.0,658.0,7,0.9356989718044175,0,0,True,78.0,78.0
92,2320,4513.259480938783,16,13.0,612.0,8,0.938385488045508,0,0,True,82.0,82.0
92,2622,4893.61826362242,14,11.0,604.0,9,0.9387673880077407,0,0,True,78.0,78.0
92,2927,5190.109835755355,14,11.0,610.0,10,0.9419355126892472,0,0,True,78.0,78.0
92,3230,4500.102915753384,15,12.0,606.0,11,0.9453170474682606,0,0,True,80.0,80.0
92,3536,4332.992141128781,15,12.0,612.0,12,0.948263312121259,0,0,True,80.0,80.0
92,3840,4421.212436181796,14,11.0,608.0,13,0.9512257634407117,0,0,True,80.0,80.0
92,4137,5359.219386772818,14,11.0,594.0,14,0.9530349173789333,0,0,True,78.0,78.0
92,4437,5118.354986876517,14,11.0,600.0,15,0.9549079196736772,0,0,True,78.0,78.0
92,4740,4730.170641250999,14,11.0,606.0,16,0.9572588682602443,0,0,False,684.0,684.0
93,58,159.05547906874787,35,32.0,0.0,1,0.4379452951249617,0,0,False,-1610.0,1610.0
93,307,11.991914937722129,41,38.0,498.0,2,0.9929305344770282,0,0,False,-1112.0,1112.0
93,586,98.20595512630453,26,23.0,558.0,3,0.9999721312599192,0,0,False,-554.0,554.0
93,904,3448.170110175425,13,10.0,636.0,4,0.9899224522772345,0,0,True,82.0,82.0
93,1402,2453.0438956791218,13,10.0,996.0,5,0.9798609484420591,0,0,True,122.0,122.0
93,1900,4627.607881310023,14,11.0,996.0,6,0.9769116129824486,0,0,True,66.0,66.0
93,2399,3674.1837298650053,12,9.0,998.0,7,0.9780558342153682,0,0,True,94.0,94.0
93,2895,3793.640923123488,14,11.0,992.0,8,0.9778940626548502,0,0,True,90.0,90.0
93,3394,4920.162858267738,14,11.0,998.0,9,0.9759042964568333,0,0,True,90.0,90.0
93,3917,21974.94966280746,14,11.0,1046.0,10,0.9786351749862363,0,0,False,158.0,158.0
93,4391,4428.676754535447,14,11.0,948.0,11,0.9830156770511146,0,0,True,92.0,92.0
93,4888,3502.965069813152,13,10.0,994.0,12,0.9827105517393031,0,0,False,1086.0,1086.0
94,52,120.56373405922935,22,19.0,0.0,1,0.4390850455333388,0,0,False,-1356.0,1356.0
94,306,539.379745797863,15,12.0,508.0,2,0.9999901979402083,0,0,False,-848.0,848.0
94,566,43.65296956521691,77,74.0,520.0,3,0.9999974600985628,0,0,False,-328.0,328.0
94,811,4539.946933081991,74,71.0,490.0,4,0.999999912341004,0,0,False,162.0,162.0
94,1133,6723.41954761715,10,7.0,644.0,5,0.9933235278319636,0,0,True,38.0,38.0
94,1510,6587.832428215041,10,7.0,754.0,6,0.9868154674215576,0,0,True,38.0,38.0
94,1910,34393.41608488152,14,11.0,800.0,7,0.9824935757826685,0,0,True,80.0,80.0
94,2272,6979.400654178688,10,7.0,724.0,8,0.9830264662162488,0,0,True,38.0,38.0
94,2668,6792.784644616964,10,7.0,792.0,9,0.9805422973342933,0,0,True,38.0,38.0
94,3091,6928.969364732477,10,7.0,846.0,10,0.9790467418211197,0,0,True,38.0,38.0
94,3515,6631.368444265648,10,7.0,848.0,11,0.9776990465054238,0,0,True,38.0,38.0
94,3925,6933.763472421617,10,7.0,820.0,12,0.9761789645103363,0,0,True,38.0,38.0
94,4320,6825.655938372436,10,7.0,790.0,13,0.9737337763138156,0,0,True,38.0,38.0
94,4702,6630.214603634964,10,7.0,764.0,14,0.9743126629964279,0,0,False,802.0,802.0
95,52,2849.4513733202457,30,27.0,0.0,1,0.4390850455333388,0,0,False,-1466.0,1466.0
95,305,68.8587579976772,8,5.0,506.0,2,0.9852902772353599,0,0,False,-960.0,960.0
95,569,96.50034570347603,75,72.0,528.0,3,0.9805226296274303,0,0,False,-432.0,432.0
95,840,2650.6651789425814,17,14.0,542.0,4,0.9727629829474288,0,0,True,110.0,110.0
95,1336,2265.565738779738,17,14.0,992.0,5,0.9791984464539387,0,0,True,102.0,102.0
95,1840,2403.6299507193125,20,17.0,1008.0,6,0.9662924854290739,0,0,True,110.0,110.0
95,2340,2463.8039705845063,19,16.0,1000.0,7,0.9714541471748961,0,0,True,110.0,110.0
95,2849,737.1334844820477,15,12.0,1018.0,8,0.969492185801618,0,0,True,82.0,82.0
95,3216,4992.613813449063,16,13.0,734.0,9,0.969938875057486,0,0,True,82.0,82.0
95,3590,5682.963812829694,15,12.0,748.0,10,0.9748792085189321,0,0,True,82.0,82.0
95,4029,1065.8106312694658,10,7.0,878.0,11,0.9757230782488403,0,0,True,40.0,40.0
95,4538,5063.6546106184305,15,12.0,1018.0,12,0.9770865813113366,0,0,True,82.0,82.0
96,50,196.5958895692171,32,29.0,0.0,1,0.43954985172910005,0,0,False,-1034.0,1034.0
96,299,46.71272184594499,120,118.0,498.0,2,0.9999982678140928,0,0,False,-536.0,536.0
96,603,28537.64914913613,14,11.0,608.0,3,0.9972744922653024,0,0,True,72.0,72.0
96,945,26889.88088062674,14,11.0,684.0,4,0.9917501483574447,0,0,True,74.0,74.0
96,1471,3555.4086128925037,10,7.0,1052.0,5,0.9891492670154521,0,0,True,30.0,30.0
96,1817,24984.448567445426,13,10.0,692.0,6,0.9858796741785386,0,0,True,72.0,72.0
96,2152,25470.786931665312,14,11.0,670.0,7,0.9863870586993225,0,0,True,72.0,72.0
96,2573,29745.029916549298,13,10.0,842.0,8,0.9896084760586513,0,0,True,76.0,76.0
96,2832,25710.178865174286,14,11.0,518.0,9,0.9915634242641734,0,0,True,72.0,72.0
96,3090,22948.37759322888,35,32.0,516.0,10,0.9924142936814445,0,0,True,118.0,118.0
96,3391,24825.838417894447,14,11.0,602.0,11,0.9924715345714263,0,0,True,74.0,74.0
96,3776,28588.33108580652,14,11.0,770.0,12,0.9940882116291776,0,0,True,76.0,76.0
96,4217,31500.415102724364,13,10.0,882.0,13,0.9929128474921523,0,0,True,74.0,74.0
96,4508,23700.96770311849,13,10.0,582.0,14,0.9928798446814794,0,0,True,72.0,72.0
96,4864,26934.895369933998,14,11.0,712.0,15,0.9919675133508398,0,0,False,784.0,784.0
97,52,441.8224189131035,20,17.0,0.0,1,0.4390850455333388,0,0,False,-1282.0,1282.0
97,376,284.5220959115278,24,21.0,648.0,2,0.9999999239237408,0,0,False,-634.0,634.0
97,655,1540.6183906018882,16,13.0,558.0,3,0.9976227167202312,0,0,True,-76.0,76.0
97,1150,1177.438610181165,17,14.0,990.0,4,0.9776674676732702,0,0,True,-76.0,76.0
97,1635,1540.6129373446242,15,12.0,970.0,5,0.9702274825720764,0,0,True,-78.0,78.0
97,2204,13321.122046109565,11,8.0,1138.0,6,0.9482120531368392,0,0,True,72.0,72.0
97,2704,11448.647892529621,11,8.0,1000.0,7,0.938331672249838,0,0,True,70.0,70.0
97,3200,8313.261471369495,11,8.0,992.0,8,0.9397561473031042,0,0,True,70.0,70.0
97,3693,13049.285808226807,11,8.0,986.0,9,0.9378900007723686,0,0,True,72.0,72.0
97,4196,12905.498472462803,11,8.0,1006.0,10,0.9368701079263395,0,0,True,72.0,72.0
97,4695,7574.331726638736,10,7.0,998.0,11,0.9420167117675096,0,0,False,1070.0,1070.0
98,52,744.1741651173959,22,19.0,0.0,1,0.4390850455333388,0,0,False,-1402.0,1402.0
98,311,31096.41919112968,16,13.0,518.0,2,0.9999970166936845,0,0,False,-884.0,884.0
98,773,7729.390599699024,10,7.0,924.0,3,0.9930953858974588,0,0,True,40.0,40.0
98,1267,29680.461397627554,15,12.0,988.0,4,0.9859485921747445,0,0,True,82.0,82.0
98,1735,8949.994055552346,10,7.0,936.0,5,0.9894893218090981,0,0,True,40.0,40.0
98,2247,32472.793744015427,16,13.0,1024.0,6,0.9879346820635858,0,0,True,84.0,84.0
98,2707,7584.3207248626395,10,7.0,920.0,7,0.9902505344193514,0,0,True,40.0,40.0
98,3183,8164.783009031826,10,7.0,952.0,8,0.9897674052228866,0,0,True,40.0,40.0
98,3672,9060.1787353683,10,7.0,978.0,9,0.9909981115197628,0,0,True,40.0,40.0
98,4186,30780.192376665123,16,13.0,1028.0,10,0.9918121405233858,0,0,True,82.0,82.0
98,4648,7804.195630969164,10,7.0,924.0,11,0.9926370915151671,0,0,False,1006.0,1006.0
99,53,26662.882495059755,14,11.0,0.0,1,0.43886992369145444,0,0,False,-672.0,672.0
99,433,34052.166174338156,21,18.0,760.0,2,0.9878381238154719,0,0,True,88.0,88.0
99,775,21810.081843691954,15,12.0,684.0,3,0.9761362829117509,0,0,True,78.0,78.0
99,1094,7276.298605107104,9,6.0,638.0,4,0.9688576205472381,0,0,True,32.0,32.0
99,1426,6511.420089663605,9,6.0,664.0,5,0.9607689826134626,0,0,True,30.0,30.0
99,1787,18015.152996123128,22,19.0,722.0,6,0.9540822809730557,0,0,True,90.0,90.0
99,2118,7384.510936677732,9,6.0,662.0,7,0.9573778014293954,0,0,True,32.0,32.0
99,2548,30539.759415482426,21,18.0,860.0,8,0.9587606113257711,0,0,True,84.0,84.0
99,2988,25049.77969428811,15,12.0,880.0,9,0.9692495586719833,0,0,True,76.0,76.0
99,3444,26145.431415574603,15,12.0,912.0,10,0.9741720548667313,0,0,True,78.0,78.0
99,3853,7752.869069408141,9,6.0,818.0,11,0.9760268296940957,0,0,True,38.0,38.0
99,4276,38226.68101881803,20,17.0,846.0,12,0.9739706081661614,0,0,True,86.0,86.0
99,4635,39885.76378025164,20,17.0,718.0,13,0.976428287740875,0,0,True,84.0,84.0
99,4958,27724.591360534378,15,12.0,646.0,14,0.9766236626254075,0,0,False,730.0,730.0
100,52,1476.5332051897053,31,28.0,0.0,1,0.4390850455333388,0,0,False,-1128.0,1128.0
100,326,143.07776967982747,18,15.0,548.0,2,0.999999527532356,0,0,False,-580.0,580.0
100,635,9030.714419847634,10,7.0,618.0,3,0.9951277681370153,0,0,True,38.0,38.0
100,1087,8966.040117035633,10,7.0,904.0,4,0.9864942860266729,0,0,True,38.0,38.0
100,1539,9149.803436666982,11,8.0,904.0,5,0.9787173840663131,0,0,True,40.0,40.0
100,1981,8281.231420165483,10,7.0,884.0,6,0.9754248988133984,0,0,True,38.0,38.0
100,2429,9134.670171916876,10,7.0,896.0,7,0.9636288007366749,0,0,True,38.0,38.0
100,2870,8452.259314990162,10,7.0,882.0,8,0.9627785384805656,0,0,True,38.0,38.0
100,3315,8317.979596876581,10,7.0,890.0,9,0.9498100698293246,0,0,True,40.0,40.0
100,3760,8748.972274235059,11,8.0,890.0,10,0.9394657619125544,0,0,True,40.0,40.0
100,4200,8736.744310332924,10,7.0,880.0,11,0.9433051569634914,0,0,True,38.0,38.0
100,4650,8043.821496138397,10,7.0,900.0,12,0.9420325335381485,0,0,False,938.0,938.0
101,50,727.8514399008575,17,14.0,0.0,1,0.43954985172910005,0,0,False,-1068.0,1068.0
101,308,3236.444431011648,77,74.0,516.0,2,0.9999988660277039,0,0,False,-552.0,552.0
101,603,4963.455610785261,10,7.0,590.0,3,0.9871991187805743,0,0,True,38.0,38.0
101,939,5268.093133581073,11,8.0,672.0,4,0.9826992851121408,0,0,True,40.0,40.0
101,1467,22457.561016900392,17,14.0,1056.0,5,0.9753169208066642,0,0,True,84.0,84.0
101,1857,5524.347441800731,10,7.0,780.0,6,0.9723942459629612,0,0,True,32.0,32.0
101,2211,5299.7106516189815,10,7.0,708.0,7,0.9739375008620156,0,0,True,38.0,38.0
101,2545,5459.20177913062,10,7.0,668.0,8,0.9752648460481623,0,0,True,38.0,38.0
101,2900,5332.882942534483,10,7.0,710.0,9,0.9697910089880817,0,0,True,38.0,38.0
101,3243,5082.016640752854,10,7.0,686.0,10,0.9688296385785745,0,0,True,38.0,38.0
101,3600,5020.36647545683,10,7.0,714.0,11,0.968255716002013,0,0,True,40.0,40.0
101,3953,28701.29733344184,14,11.0,706.0,12,0.9674865096675604,0,0,True,82.0,82.0
101,4458,19363.44812350107,17,14.0,1010.0,13,0.9753328715981164,0,0,True,78.0,78.0
101,4858,5117.537873305613,10,7.0,800.0,14,0.9751163017522464,0,0,False,878.0,878.0
102,69,287.1743107204949,15,12.0,0.0,1,0.43658154502848473,0,0,False,-1430.0,1430.0
102,313,150.05578665265529,43,40.0,488.0,2,0.9970053182902884,0,0,False,-942.0,942.0
102,571,139.00474606694831,69,66.0,516.0,3,0.9984987392899658,0,0,False,-426.0,426.0
102,826,24955.95930718293,15,12.0,510.0,4,0.9988240795806372,0,0,True,84.0,84.0
102,1258,6646.706811548755,9,6.0,864.0,5,0.990125376457958,0,0,True,40.0,40.0
102,1709,6246.048889356655,9,6.0,902.0,6,0.9849301362022346,0,0,True,40.0,40.0
102,2188,24733.805217911788,16,13.0,958.0,7,0.9789726171407415,0,0,True,84.0,84.0
102,2649,26692.23548683925,15,12.0,922.0,8,0.9834593332595087,0,0,True,84.0,84.0
102,3085,6446.029452824716,10,7.0,872.0,9,0.9866977453787784,0,0,True,42.0,42.0
102,3543,6058.458545020995,10,7.0,916.0,10,0.9854887974521421,0,0,True,42.0,42.0
102,4024,24962.093278358254,16,13.0,962.0,11,0.982872525436853,0,0,True,84.0,84.0
102,4469,6056.538930389316,9,6.0,890.0,12,0.9853182480086576,0,0,True,40.0,40.0
102,4953,28394.465576731454,15,12.0,968.0,13,0.9847910081235313,0,0,False,1008.0,1008.0
103,59,1281.6566240361303,18,15.0,0.0,1,0.4377871608034962,0,0,False,-500.0,500.0
103,347,18304.236585374027,15,12.0,576.0,2,0.9999996606687406,0,0,True,76.0,76.0
103,594,2353.824274354953,28,25.0,494.0,3,0.9999999371731833,0,0,False,-278.0,278.0
103,917,2101.4283618626605,17,14.0,646.0,4,0.995668480571078,0,0,True,-86.0,86.0
103,1209,5465.983798987773,11,8.0,584.0,5,0.9904487619798237,0,0,True,38.0,38.0
103,1473,2299.9837825155187,20,17.0,528.0,6,0.9778733397575906,0,0,True,-62.0,62.0
103,1759,6402.726514522556,11,8.0,572.0,7,0.9599669088857723,0,0,True,40.0,40.0
103,2038,4017.773674633691,17,14.0,558.0,8,0.9452927547164961,0,0,False,-294.0,294.0
103,2340,2799.3920474295896,15,12.0,604.0,9,0.957483179113489,0,0,False,310.0,310.0
103,2588,7082.9733431335435,74,71.0,496.0,10,0.96615211699628,0,0,False,164.0,164.0
103,2848,6817.232138163107,11,8.0,520.0,11,0.960842427784285,0,0,True,36.0,36.0
103,3098,26963.561441437923,13,10.0,500.0,12,0.9593212103959989,0,0,True,76.0,76.0
103,3358,7181.9609357304125,17,14.0,520.0,13,0.9640299982657011,0,0,False,-292.0,292.0
103,3682,8226.25187138169,18,15.0,648.0,14,0.9674618857749391,0,0,False,-288.0,288.0
103,4120,5883.934928518808,18,15.0,876.0,15,0.9593268356420936,0,0,False,-300.0,300.0
103,4445,7269.173680625972,18,15.0,650.0,16,0.9571740285564835,0,0,False,-296.0,296.0
103,4945,29317.051465140867,14,11.0,1000.0,17,0.9318619079679197,0,0,False,704.0,704.0
104,69,59.3684924752141,35,32.0,0.0,1,0.43658154502848473,0,0,False,-1282.0,1282.0
104,311,2649.094236997944,19,16.0,484.0,2,0.9999939402018722,0,0,False,-798.0,798.0
104,654,115.94355529512336,20,17.0,686.0,3,0.9873500958295901,0,0,True,-112.0,112.0
104,1217,2656.1076960984387,20,17.0,1126.0,4,0.978962706873432,0,0,True,102.0,102.0
104,1682,2541.4908186943553,19,16.0,930.0,5,0.9658111588541135,0,0,True,102.0,102.0
104,2151,2401.5181808157213,19,16.0,938.0,6,0.9649912167399411,0,0,True,104.0,104.0
104,2617,2262.9109704824523,19,16.0,932.0,7,0.9608539359625099,0,0,True,106.0,106.0
104,3066,1994.4091468288298,21,18.0,898.0,8,0.9571464716141078,0,0,True,104.0,104.0
104,3527,2410.1981175898363,19,16.0,922.0,9,0.9540672348047199,0,0,True,104.0,104.0
104,3989,2626.3193083477154,20,17.0,924.0,10,0.9554740255455189,0,0,True,104.0,104.0
104,4440,2970.5165576135814,20,17.0,902.0,11,0.9530709467328303,0,0,True,100.0,100.0
104,4898,2781.788361077618,19,16.0,916.0,12,0.949461615544462,0,0,False,1016.0,1016.0
105,48,44.85887260073723,16,13.0,0.0,1,0.44006487244462494,0,0,False,-924.0,924.0
105,356,6.3427975329377,37,34.0,616.0,2,0.9999933827611325,0,0,False,-308.0,308.0
105,644,16.050091421966215,11,8.0,576.0,3,0.999999726477329,0,0,False,268.0,268.0
105,999,5820.307366696288,16,13.0,710.0,4,0.9946787100683375,0,0,True,82.0,82.0
105,1434,1713.346295122425,9,6.0,870.0,5,0.990084905261149,0,0,True,40.0,40.0
105,1683,23981.914352559324,14,11.0,498.0,6,0.9843000288309268,0,0,True,84.0,84.0
105,1925,5164.011553904315,21,18.0,484.0,7,0.9932048474853651,0,0,True,94.0,94.0
105,2380,6087.166183414882,16,13.0,910.0,8,0.9926464302928756,0,0,True,84.0,84.0
105,2844,5675.5971460996925,16,13.0,928.0,9,0.9916066095401823,0,0,True,84.0,84.0
105,3301,5378.860858400169,15,12.0,914.0,10,0.9910063256991891,0,0,True,82.0,82.0
105,3765,5910.677044498961,21,18.0,928.0,11,0.9903309161823547,0,0,True,94.0,94.0
105,4005,27997.650451111247,33,30.0,480.0,12,0.9916653865765126,0,0,True,126.0,126.0
105,4251,4610.175912737275,38,35.0,492.0,13,0.9881822578482036,0,0,True,124.0,124.0
105,4702,6285.408333466323,21,18.0,902.0,14,0.9907486697653425,0,0,False,1026.0,1026.0
106,50,237.6122429707272,29,26.0,0.0,1,0.43954985172910005,0,0,False,-846.0,846.0
106,304,4.92459750366678,120,118.0,508.0,2,0.9999983971700283,0,0,False,-338.0,338.0
106,558,9032.781332019058,70,67.0,508.0,3,0.9990543825216401,0,0,False,170.0,170.0
106,955,4242.2361974877795,23,20.0,794.0,4,0.9885213963653638,0,0,True,96.0,96.0
106,1310,4073.235812484828,24,21.0,710.0,5,0.9854079103719069,0,0,True,96.0,96.0
106,1648,4378.654310908356,13,10.0,676.0,6,0.9820813881611693,0,0,True,74.0,74.0
106,1997,3451.9718263996883,12,9.0,698.0,7,0.97638764851924,0,0,True,72.0,72.0
106,2348,2893.1895316086584,12,9.0,702.0,8,0.9737174748413925,0,0,True,72.0,72.0
106,2700,2845.721992902142,12,9.0,704.0,9,0.9708491934064059,0,0,True,72.0,72.0
106,3053,2566.8653605476734,12,9.0,706.0,10,0.968104454817663,0,0,True,72.0,72.0
106,3407,2583.163073892077,12,9.0,708.0,11,0.9639635400868073,0,0,True,72.0,72.0
106,3762,3236.4497217082962,12,9.0,710.0,12,0.9605069298468725,0,0,True,74.0,74.0
106,4129,3658.2661755498934,24,21.0,734.0,13,0.956786152963947,0,0,True,98.0,98.0
106,4486,3138.5244018895264,24,21.0,714.0,14,0.9557421396169726,0,0,True,98.0,98.0
106,4843,3324.575614882551,24,21.0,714.0,15,0.9522610732065911,0,0,False,812.0,812.0
107,54,44.10817566305381,35,32.0,0.0,1,0.4386655579416643,0,0,False,-1252.0,1252.0
107,295,82.43621776854033,107,104.0,482.0,2,0.9999942592154976,0,0,False,-770.0,770.0
107,715,9241.905239423166,12,9.0,840.0,3,0.9859307842971957,0,0,True,70.0,70.0
107,1186,1278.8378646225583,8,5.0,942.0,4,0.9835665543711561,0,0,True,34.0,34.0
107,1698,8926.375314427254,12,9.0,1024.0,5,0.976264800544179,0,0,True,72.0,72.0
107,2171,761.58072417472,8,5.0,946.0,6,0.9778250788118259,0,0,True,34.0,34.0
107,2658,1174.0714567399796,8,5.0,974.0,7,0.9739639629631163,0,0,True,36.0,36.0
107,3151,766.1158789168137,8,5.0,986.0,8,0.972740643009774,0,0,True,34.0,34.0
107,3663,9117.44436743975,11,8.0,1024.0,9,0.9685457831175909,0,0,True,68.0,68.0
107,4141,900.4760748125476,8,5.0,956.0,10,0.9731000820870104,0,0,True,36.0,36.0
107,4626,1218.8359237633708,8,5.0,970.0,11,0.9717272323466829,0,0,False,1006.0,1006.0
108,55,450.4584006841918,24,21.0,0.0,1,0.43847141047936367,0,0,False,-846.0,846.0
108,323,207.56127062505772,120,118.0,536.0,2,0.9999993283052414,0,0,False,-310.0,310.0
108,656,1946.9148202456854,17,14.0,666.0,3,0.9963830428964404,0,0,False,356.0,356.0
108,937,1913.74092367294,9,6.0,562.0,4,0.9728884753059244,0,0,True,38.0,38.0
108,1315,1001.156613483499,10,7.0,756.0,5,0.9536056660131917,0,0,True,38.0,38.0
108,1689,1321.330281667773,9,6.0,748.0,6,0.9367763978572986,0,0,True,38.0,38.0
108,1993,4645.854489637192,22,19.0,608.0,7,0.9383895777514235,0,0,True,104.0,104.0
108,2410,1760.8603048933753,10,7.0,834.0,8,0.927786248278395,0,0,True,38.0,38.0
108,2761,850.4879932492934,35,32.0,702.0,9,0.9163777032141383,0,0,True,-22.0,22.0
108,3165,1104.6198144607001,9,6.0,808.0,10,0.9036574792721472,0,0,True,36.0,36.0
108,3467,5534.377020029466,16,13.0,604.0,11,0.9070259229204488,0,0,True,104.0,104.0
108,3880,2085.448606305222,9,6.0,826.0,12,0.9065082119722107,0,0,True,38.0,38.0
108,4184,842.0278027704289,27,24.0,608.0,13,0.8993217630958391,0,0,True,-116.0,116.0
108,4655,6923.532920464508,11,8.0,942.0,14,0.9144251474334086,0,0,False,826.0,826.0
109,50,18.04504659674162,30,27.0,0.0,1,0.43954985172910005,0,0,False,-832.0,832.0
109,299,7.460053468805285,17,14.0,498.0,2,0.9999651008188477,0,0,False,-334.0,334.0
109,591,7.783077421191149,120,118.0,584.0,3,0.9999994064578199,0,0,False,-188.0,188.0
109,1084,4951.48911247471,14,11.0,986.0,4,0.997031773170425,0,0,True,80.0,80.0
109,1447,2944.498641754652,15,12.0,726.0,5,0.9912576790233886,0,0,True,80.0,80.0
109,1800,2638.846005448174,15,12.0,706.0,6,0.9846001260034271,0,0,True,82.0,82.0
109,2059,1135.7160573900144,34,31.0,518.0,7,0.98428376688574,0,0,True,120.0,120.0
109,2441,2394.019820938873,12,9.0,764.0,8,0.9867895770477514,0,0,True,76.0,76.0
109,2804,563.3315955138253,9,6.0,726.0,9,0.9874189161538591,0,0,True,38.0,38.0
109,3249,3043.8982836852015,14,11.0,890.0,10,0.9817903169937517,0,0,True,78.0,78.0
109,3620,2172.3428194331727,13,10.0,742.0,11,0.9797382529972055,0,0,True,78.0,78.0
109,4068,3014.2100253517706,14,11.0,896.0,12,0.9772748638366993,0,0,True,80.0,80.0
109,4403,2403.959643285284,14,11.0,670.0,13,0.9758340200704129,0,0,True,82.0,82.0
109,4836,2588.4514969787406,14,11.0,866.0,14,0.9713804176621575,0,0,True,80.0,80.0
110,52,28.26047573540173,18,15.0,0.0,1,0.4390850455333388,0,0,False,-822.0,822.0
110,293,28.57613659312286,16,13.0,482.0,2,0.9999908835639931,0,0,False,-340.0,340.0
110,538,23.90597112772668,81,78.0,490.0,3,0.9999972288963425,0,0,True,150.0,150.0
110,783,155.51311182238842,9,6.0,490.0,4,0.9954940327742904,0,0,True,66.0,66.0
110,1153,150.14041080233847,8,5.0,740.0,5,0.9722117093371386,0,0,True,38.0,38.0
110,1621,112.44793065031884,9,6.0,936.0,6,0.968124349365605,0,0,True,38.0,38.0
110,1902,14384.478601631035,16,13.0,562.0,7,0.9830047605822017,0,0,True,84.0,84.0
110,2255,353.50866763531064,12,9.0,706.0,8,0.9946740635628597,0,0,True,70.0,70.0
110,2672,421.0395330558029,11,8.0,834.0,9,0.9913042931659228,0,0,True,70.0,70.0
110,3028,778.078105573477,12,9.0,712.0,10,0.9815727569674607,0,0,True,72.0,72.0
110,3331,713.0106914431486,24,21.0,606.0,11,0.9728443745139965,0,0,True,98.0,98.0
111,51,712.2419939889708,32,29.0,0.0,1,0.4393114895774276,0,0,False,-1730.0,1730.0
111,379,18.992083876156503,15,12.0,656.0,2,0.9938398131695968,0,0,False,-1074.0,1074.0
111,650,482.9323926611287,21,18.0,542.0,3,0.9992841163294545,0,0,False,-532.0,532.0
111,963,4348.638782284107,16,13.0,626.0,4,0.9814624090576037,0,0,True,94.0,94.0
111,1463,3710.5714955069575,16,13.0,1000.0,5,0.9824612307285436,0,0,True,82.0,82.0
111,1964,3931.1313368330316,16,13.0,1002.0,6,0.9858652469840306,0,0,True,84.0,84.0
111,2465,5228.88778766119,18,15.0,1002.0,7,0.9740435408199937,0,0,True,102.0,102.0
111,2964,3355.2758653239857,16,13.0,998.0,8,0.969928914135118,0,0,True,92.0,92.0
111,3466,4183.147623207229,17,14.0,1004.0,9,0.966113243719812,0,0,True,84.0,84.0
111,3966,3980.2080774041688,17,14.0,1000.0,10,0.9715208174511736,0,0,True,92.0,92.0
111,4467,4183.415295630769,17,14.0,1002.0,11,0.9686819665328629,0,0,True,92.0,92.0
111,4968,3665.9716649467146,17,14.0,1002.0,12,0.9629393754476228,0,0,False,1094.0,1094.0
112,66,57.31667604059091,18,15.0,0.0,1,0.4368807994906166,0,0,False,-718.0,718.0
112,318,114.8544609941018,115,112.0,504.0,2,0.9999966950700203,0,0,False,-214.0,214.0
112,572,167.33962776136747,12,9.0,508.0,3,0.9999999431122475,0,0,False,-156.0,156.0
112,904,14924.235321953782,26,23.0,664.0,4,0.9958405461578352,0,0,True,100.0,100.0
112,1516,12819.153773322661,12,9.0,1224.0,5,0.9893739275521919,0,0,True,70.0,70.0
112,1768,12963.367657797351,25,22.0,504.0,6,0.9816251026812143,0,0,True,96.0,96.0
112,2032,14457.673589021162,25,22.0,528.0,7,0.9847664901369236,0,0,True,98.0,98.0
112,2383,12020.34238536382,12,9.0,702.0,8,0.983780923681987,0,0,True,70.0,70.0
112,2725,13404.869696743594,12,9.0,684.0,9,0.9858707203775302,0,0,True,70.0,70.0
112,3061,19416.221574480267,27,24.0,672.0,10,0.980334889150622,0,0,True,102.0,102.0
112,3347,16014.387927326079,25,22.0,572.0,11,0.9815289503417126,0,0,True,98.0,98.0
112,3587,3478.812078003454,63,60.0,480.0,12,0.9833451247177124,0,0,False,152.0,152.0
112,3957,17058.231914567372,25,22.0,740.0,13,0.9844314684902385,0,0,True,98.0,98.0
112,4206,13953.021670247055,24,21.0,498.0,14,0.9813952005329127,0,0,True,96.0,96.0
112,4490,14090.067100585347,12,9.0,568.0,15,0.9829021942159609,0,0,True,70.0,70.0
112,4985,14034.907167164682,12,9.0,990.0,16,0.9866487663603306,0,0,False,1060.0,1060.0
113,54,523.6309073508482,17,14.0,0.0,1,0.4386655579416643,0,0,False,-1604.0,1604.0
113,309,15.6614400985577,21,18.0,510.0,2,0.9819298045160202,0,0,False,-1094.0,1094.0
113,875,9752.902073385447,10,7.0,1132.0,3,0.9857825327294528,0,0,True,38.0,38.0
113,1390,32645.39038872937,16,13.0,1030.0,4,0.9768887391140467,0,0,True,82.0,82.0
113,1903,31372.573258106404,17,14.0,1026.0,5,0.9851763180138916,0,0,True,84.0,84.0
113,2416,30709.44322673849,16,13.0,1026.0,6,0.9881350881228643,0,0,True,82.0,82.0
113,2915,31530.6591607265,16,13.0,998.0,7,0.9911484726958967,0,0,True,82.0,82.0
113,3416,31736.011725553184,16,13.0,1002.0,8,0.9925241120436026,0,0,True,82.0,82.0
113,3931,31874.2757581525,17,14.0,1030.0,9,0.9938992466094387,0,0,True,84.0,84.0
113,4439,31272.67559266006,16,13.0,1016.0,10,0.9942182426552734,0,0,True,82.0,82.0
113,4926,32645.06526577876,16,13.0,974.0,11,0.994762327187212,0,0,False,1056.0,1056.0
114,55,636.3318246356282,35,32.0,0.0,1,0.43847141047936367,0,0,False,-750.0,750.0
114,380,58.227410319780276,22,19.0,650.0,2,0.9999998258187929,0,0,True,-100.0,100.0
114,803,21690.75841622263,16,13.0,846.0,3,0.9821770339492474,0,0,True,84.0,84.0
114,1112,5529.984786418788,10,7.0,618.0,4,0.9808221584590757,0,0,True,38.0,38.0
114,1466,20728.769622196807,16,13.0,708.0,5,0.9726855092616487,0,0,True,82.0,82.0
114,1775,6421.457023462805,10,7.0,618.0,6,0.9738269474877874,0,0,True,40.0,40.0
114,2127,23431.759083224573,15,12.0,704.0,7,0.9725111783975947,0,0,True,80.0,80.0
114,2458,21065.215862064753,15,12.0,662.0,8,0.974545816333929,0,0,True,82.0,82.0
114,2789,20097.675513728034,16,13.0,662.0,9,0.9764304694739084,0,0,True,82.0,82.0
114,3118,21642.117433804513,16,13.0,658.0,10,0.9764085963599629,0,0,True,82.0,82.0
114,3422,6837.380001506463,10,7.0,608.0,11,0.9777317249653734,0,0,True,40.0,40.0
114,3772,22639.961470370956,16,13.0,700.0,12,0.9767380964877218,0,0,True,82.0,82.0
114,4099,21636.82415958288,15,12.0,654.0,13,0.9793140806099045,0,0,True,80.0,80.0
114,4429,19898.334983234778,16,13.0,660.0,14,0.9811091063980443,0,0,True,84.0,84.0
114,4757,22717.74195398389,16,13.0,656.0,15,0.981687691948126,0,0,False,740.0,740.0
115,53,1821.6460090292712,31,28.0,0.0,1,0.43886992369145444,0,0,False,-1764.0,1764.0
115,329,83.98318688575401,16,13.0,552.0,2,0.987585665093319,0,0,False,-1212.0,1212.0
115,584,391.53276216912207,20,17.0,510.0,3,0.9976036938593057,0,0,False,-702.0,702.0
115,911,544.8992492295167,16,13.0,654.0,4,0.9953707329200612,0,0,True,-48.0,48.0
115,1153,417.7412980143942,33,30.0,484.0,5,0.994395799268258,0,0,False,436.0,436.0
115,1449,606.8609718283333,14,11.0,592.0,6,0.9898528478789037,0,0,True,-52.0,52.0
115,2001,737.8646486813604,15,12.0,1104.0,7,0.9850534188367046,0,0,True,-48.0,48.0
115,2546,992.817235815816,14,11.0,1090.0,8,0.9750947636091053,0,0,True,-50.0,50.0
115,3092,770.0568717365911,17,14.0,1092.0,9,0.965111944345004,0,0,True,-44.0,44.0
115,3625,1001.5723297472521,15,12.0,1066.0,10,0.9647362156775552,0,0,True,-50.0,50.0
115,4161,579.2422788250885,14,11.0,1072.0,11,0.9638935265672818,0,0,True,-52.0,52.0
115,4778,20824.407751373634,17,14.0,1234.0,12,0.9423007056949153,0,0,False,1182.0,1182.0
116,56,1693.294059391864,18,15.0,0.0,1,0.43828697039017805,0,0,False,-498.0,498.0
116,321,4613.7525333858885,12,9.0,530.0,2,0.9999991436771842,0,0,True,32.0,32.0
116,590,2081.581710092181,18,15.0,538.0,3,0.9999999110150238,0,0,True,-90.0,90.0
116,838,3672.9092753051045,33,30.0,496.0,4,0.9999999415065104,0,0,False,-256.0,256.0
116,1153,3198.249698293966,17,14.0,630.0,5,0.9974292457410673,0,0,False,-286.0,286.0
116,1491,2529.5159730311493,21,18.0,676.0,6,0.9961880839428929,0,0,False,-284.0,284.0
116,1822,3577.5020119238156,19,16.0,662.0,7,0.9945424230425906,0,0,False,-286.0,286.0
116,2157,2772.792530442873,22,19.0,670.0,8,0.9869055695651483,0,0,False,-274.0,274.0
116,2488,3199.534266511003,21,18.0,662.0,9,0.9871834751752911,0,0,False,-270.0,270.0
116,2813,3896.34517987664,21,18.0,650.0,10,0.979690100650137,0,0,False,-290.0,290.0
116,3313,4826.369283592953,13,10.0,1000.0,11,0.9441546874138947,0,0,True,34.0,34.0
116,3651,5879.565468630307,13,10.0,676.0,12,0.9224809305795806,0,0,True,34.0,34.0
116,3983,4940.525631989675,12,9.0,664.0,13,0.906331088015733,0,0,True,28.0,28.0
116,4318,4080.7127949682035,14,11.0,670.0,14,0.8877201839251339,0,0,True,34.0,34.0
116,4648,5132.952407515313,12,9.0,660.0,15,0.8700851766094804,0,0,False,694.0,694.0
116,4983,5536.007222286093,12,9.0,670.0,16,0.8505147042749911,0,0,False,1364.0,1364.0
117,68,591.7078201600052,16,13.0,0.0,1,0.4366762258881075,0,0,False,-1006.0,1006.0
117,403,574.3848954903195,17,14.0,670.0,2,0.9999999516898732,0,0,False,-336.0,336.0
117,919,12054.097366107842,10,7.0,1032.0,3,0.9932987006297997,0,0,True,40.0,40.0
117,1271,41223.56900837108,16,13.0,704.0,4,0.9887814392417518,0,0,True,84.0,84.0
117,1594,40537.77248445905,16,13.0,646.0,5,0.9873190776647203,0,0,True,84.0,84.0
117,1889,42011.61208543919,16,13.0,590.0,6,0.9866556614778297,0,0,True,84.0,84.0
117,2154,12391.464842068057,10,7.0,530.0,7,0.9861476343580697,0,0,True,40.0,40.0
117,2441,11909.799784374141,10,7.0,574.0,8,0.984958575784463,0,0,True,42.0,42.0
117,2734,12041.013689688334,10,7.0,586.0,9,0.9843348732251678,0,0,True,40.0,40.0
117,3068,11880.74188145105,10,7.0,668.0,10,0.9840970449762,0,0,True,40.0,40.0
117,3431,40266.39500775922,16,13.0,726.0,11,0.9834323197217592,0,0,True,84.0,84.0
117,3748,11686.907363737711,10,7.0,634.0,12,0.9841851885335743,0,0,True,40.0,40.0
117,4119,39320.17844024244,16,13.0,742.0,13,0.984172832456438,0,0,True,84.0,84.0
117,4468,36889.12525293113,16,13.0,698.0,14,0.9844034717360226,0,0,True,84.0,84.0
117,4782,11236.164742965651,10,7.0,628.0,15,0.9853175379196222,0,0,False,712.0,712.0
118,54,7458.249031610115,26,23.0,0.0,1,0.4386655579416643,0,0,False,-1690.0,1690.0
118,411,427.0020991104184,16,13.0,714.0,2,0.9847178544363425,0,0,False,-976.0,976.0
118,662,646.8461327680566,34,31.0,502.0,3,0.994956337670439,0,0,False,-474.0,474.0
118,918,5912.506107540086,9,6.0,512.0,4,0.9842598746665442,0,0,True,38.0,38.0
118,1396,24857.87136524117,16,13.0,956.0,5,0.9619464548459646,0,0,True,82.0,82.0
118,1831,5591.552328227174,10,7.0,870.0,6,0.97137912137028,0,0,True,38.0,38.0
118,2303,23962.37317671112,14,11.0,944.0,7,0.964389375167253,0,0,True,80.0,80.0
118,2731,5887.303860814931,10,7.0,856.0,8,0.9708896718895439,0,0,True,38.0,38.0
118,3187,5690.167513166262,10,7.0,912.0,9,0.9708140722419918,0,0,True,38.0,38.0
118,3654,5511.398080398181,10,7.0,934.0,10,0.9674724480425406,0,0,True,38.0,38.0
118,4145,24277.634382714175,16,13.0,982.0,11,0.966406535687095,0,0,True,82.0,82.0
118,4582,5623.667854471218,10,7.0,874.0,12,0.9723418421676827,0,0,False,956.0,956.0
119,55,19.235139449333026,31,28.0,0.0,1,0.43847141047936367,0,0,False,-1238.0,1238.0
119,333,625.2909670520143,20,17.0,556.0,2,0.9999995061291735,0,0,False,-682.0,682.0
119,713,23537.54502399301,13,10.0,760.0,3,0.9939346227614758,0,0,True,78.0,78.0
119,1201,26697.302825089817,13,10.0,976.0,4,0.9860365166584311,0,0,True,76.0,76.0
119,1688,23547.78708375575,14,11.0,974.0,5,0.9834195084112253,0,0,True,78.0,78.0
119,2185,22775.029033326373,13,10.0,994.0,6,0.9830926728455698,0,0,True,76.0,76.0
119,2663,25436.803903651355,13,10.0,956.0,7,0.9832895257250017,0,0,True,78.0,78.0
119,3137,4973.173383496592,10,7.0,948.0,8,0.985843863966229,0,0,True,38.0,38.0
119,3677,22731.172854743974,14,11.0,1080.0,9,0.9849924531382662,0,0,True,78.0,78.0
119,4199,22611.421525772654,13,10.0,1044.0,10,0.9864797636689702,0,0,True,76.0,76.0
119,4696,26596.86119710656,13,10.0,994.0,11,0.9864782433198148,0,0,False,1070.0,1070.0
120,51,64.55494254944705,21,18.0,0.0,1,0.4393114895774276,0,0,False,-1556.0,1556.0
120,298,150.16652898265664,62,59.0,494.0,2,0.9999910497123827,0,0,False,-1062.0,1062.0
120,764,215.9149770406284,17,14.0,932.0,3,0.9936433170526888,0,0,True,-130.0,130.0
120,1272,226.90031290907982,15,12.0,1016.0,4,0.9881573199359412,0,0,True,-132.0,132.0
120,1812,299.9438932208749,34,31.0,1080.0,5,0.9828027924867481,0,0,True,-88.0,88.0
120,2330,333.9036205518934,34,31.0,1036.0,6,0.9769508611346597,0,0,True,-90.0,90.0
120,2928,3497.966763126124,14,11.0,1196.0,7,0.9616527748951779,0,0,True,80.0,80.0
120,3423,636.8335614964359,11,8.0,990.0,8,0.9552567954952542,0,0,True,34.0,34.0
120,3959,3850.357414008872,14,11.0,1072.0,9,0.945477727716085,0,0,True,78.0,78.0
120,4454,770.2692663841362,11,8.0,990.0,10,0.9506512242269709,0,0,True,38.0,38.0
120,4990,3967.9808726321244,14,11.0,1072.0,11,0.9518407803921034,0,0,False,1110.0,1110.0
121,64,5730.383857099619,18,15.0,0.0,1,0.4371074738424272,0,0,False,-564.0,564.0
121,306,228.85242327191617,32,29.0,484.0,2,0.9820455880270943,0,0,True,-80.0,80.0
121,600,362.43101106406846,15,12.0,588.0,3,0.9733054247538182,0,0,True,-84.0,84.0
121,911,214.80326958594645,15,12.0,622.0,4,0.9715706974462209,0,0,True,-76.0,76.0
121,1283,1098.7313049950826,12,9.0,744.0,5,0.9537519923803718,0,0,True,44.0,44.0
121,1537,233.83532948162616,18,15.0,508.0,6,0.9473598989659451,0,0,True,-100.0,100.0
121,1851,431.4363951984889,17,14.0,628.0,7,0.94891758146274,0,0,True,-96.0,96.0
121,2221,1076.0732291329973,13,10.0,740.0,8,0.9451280881196137,0,0,True,20.0,20.0
121,2531,1654.9281884693178,12,9.0,620.0,9,0.9279300343397998,0,0,True,40.0,40.0
121,2842,1560.268957763787,12,9.0,622.0,10,0.926446998298954,0,0,True,22.0,22.0
121,3153,1323.4227635810673,11,8.0,622.0,11,0.9266257541633954,0,0,True,42.0,42.0
121,3396,504.52109408721043,16,13.0,486.0,12,0.9298303072523354,0,0,True,-102.0,102.0
121,3792,4692.200932984935,17,14.0,792.0,13,0.9299142550564592,0,0,True,94.0,94.0
121,4077,1470.8309525810314,12,9.0,570.0,14,0.9322779545441461,0,0,True,50.0,50.0
121,4382,1215.3237539552922,11,8.0,610.0,15,0.9306376416354208,0,0,True,38.0,38.0
121,4688,1456.9882565045493,12,9.0,612.0,16,0.932087682459358,0,0,True,40.0,40.0
121,4930,488.2232845948262,15,12.0,484.0,17,0.934181597935659,0,0,False,524.0,524.0
122,45,4975.158423474089,17,14.0,0.0,1,0.44094358113941706,0,0,False,-1798.0,1798.0
122,448,155.97923701540623,16,13.0,806.0,2,0.9960693329009416,0,0,False,-992.0,992.0
122,912,184.97373544433796,15,12.0,928.0,3,0.9870702744994878,0,0,True,-64.0,64.0
122,1176,156.7030765631476,68,65.0,528.0,4,0.9869329753599094,0,0,False,-442.0,442.0
122,1436,10410.799189119643,16,13.0,520.0,5,0.9874666029716519,0,0,True,78.0,78.0
122,1886,2924.2565462962375,9,6.0,900.0,6,0.984811240382664,0,0,True,38.0,38.0
122,2415,9282.69366484078,16,13.0,1058.0,7,0.9716088405046636,0,0,True,82.0,82.0
122,2904,2559.8895508273713,9,6.0,978.0,8,0.9705394291622724,0,0,True,36.0,36.0
122,3430,10451.825644618908,15,12.0,1052.0,9,0.9662070208937793,0,0,True,80.0,80.0
122,3952,2657.703396710918,9,6.0,1044.0,10,0.9708499851087509,0,0,True,38.0,38.0
122,4510,2628.6875783048863,9,6.0,1116.0,11,0.9718925832119818,0,0,True,38.0,38.0
123,56,84.09940229159557,16,13.0,0.0,1,0.43828697039017805,0,0,False,-908.0,908.0
123,551,47314.79327760941,16,13.0,990.0,2,0.9892439016415926,0,0,True,82.0,82.0
123,996,47429.23880383273,16,13.0,890.0,3,0.9828048582503043,0,0,True,84.0,84.0
123,1468,46905.912332993124,16,13.0,944.0,4,0.9837563431441163,0,0,True,82.0,82.0
123,1908,47093.97702780295,16,13.0,880.0,5,0.9858334985170014,0,0,True,82.0,82.0
123,2370,46778.078845002194,16,13.0,924.0,6,0.9874143437407354,0,0,True,84.0,84.0
123,2852,45999.31952946223,16,13.0,964.0,7,0.9892476289464032,0,0,True,82.0,82.0
123,3293,46433.169119130616,15,12.0,882.0,8,0.9890813572629514,0,0,True,82.0,82.0
123,3728,46674.105681154426,16,13.0,870.0,9,0.989399728676019,0,0,True,82.0,82.0
123,4206,45968.8545040046,16,13.0,956.0,10,0.9898513433594482,0,0,True,82.0,82.0
123,4668,45254.18497163675,16,13.0,924.0,11,0.9908951916005797,0,0,False,1006.0,1006.0
124,52,3189.505232485007,23,20.0,0.0,1,0.4390850455333388,0,0,False,-1988.0,1988.0
124,474,220.943476725225,31,28.0,844.0,2,0.9810430038025525,0,0,False,-1144.0,1144.0
124,1026,302.7818008110691,18,15.0,1104.0,3,0.9851713352311867,0,0,True,-40.0,40.0
124,1555,337.13429392971454,21,18.0,1058.0,4,0.9732739281666516,0,0,True,-44.0,44.0
124,2060,255.40958752100408,36,33.0,1010.0,5,0.9586500399451191,0,0,True,-94.0,94.0
124,2669,11218.02837262328,17,14.0,1218.0,6,0.964647284790148,0,0,True,86.0,86.0
124,3198,12019.802951862,16,13.0,1058.0,7,0.9710524567397693,0,0,True,82.0,82.0
124,3741,11438.717176439419,15,12.0,1086.0,8,0.975811609137845,0,0,True,82.0,82.0
124,4285,11794.13805033846,15,12.0,1088.0,9,0.9772820924079221,0,0,True,80.0,80.0
124,4805,3827.863889062088,11,8.0,1040.0,10,0.9750528271048746,0,0,False,1120.0,1120.0
125,96,35024.879110299065,21,18.0,0.0,1,0.43523296177439924,0,0,False,-1080.0,1080.0
125,675,16142.81052634524,11,8.0,1158.0,2,0.9960350288631852,0,0,True,78.0,78.0
125,1275,15134.109095254742,11,8.0,1200.0,3,0.9946867762789062,0,0,True,78.0,78.0
125,1876,17492.891120201006,11,8.0,1202.0,4,0.9952294722008146,0,0,True,82.0,82.0
125,2209,8911.971316040126,15,12.0,666.0,5,0.9956351205141655,0,0,True,90.0,90.0
125,2561,4569.713902295412,16,13.0,704.0,6,0.9895090985807355,0,0,True,116.0,116.0
125,3274,33440.76738148309,23,20.0,1426.0,7,0.9888453028804332,0,0,True,122.0,122.0
125,3851,15625.964817732707,11,8.0,1154.0,8,0.9934672941116607,0,0,True,76.0,76.0
125,4452,16676.13253031991,11,8.0,1202.0,9,0.9954951501366412,0,0,False,1278.0,1278.0
126,51,60.43266346008885,23,20.0,0.0,1,0.4393114895774276,0,0,False,-1288.0,1288.0
126,293,638.8720572337944,10,7.0,484.0,2,0.9865612081358771,0,0,False,-804.0,804.0
126,728,632.7963745515046,10,7.0,870.0,3,0.972137177687726,0,0,True,66.0,66.0
126,1181,964.8107034918005,25,22.0,906.0,4,0.9762763972022386,0,0,True,102.0,102.0
126,1582,90.56227796860773,8,5.0,802.0,5,0.9796752693181443,0,0,True,36.0,36.0
126,1961,65.06430774448617,14,11.0,758.0,6,0.9805077352953818,0,0,True,-76.0,76.0
126,2466,606.5388081879878,10,7.0,1010.0,7,0.9757883826043066,0,0,True,68.0,68.0
126,2912,926.1646515700761,25,22.0,892.0,8,0.9692165201459279,0,0,True,102.0,102.0
126,3325,690.2169443938378,10,7.0,826.0,9,0.9768162222298182,0,0,True,68.0,68.0
126,3756,691.6232739082584,10,7.0,862.0,10,0.9824728220615525,0,0,True,68.0,68.0
126,4199,962.2480652940519,24,21.0,886.0,11,0.9819358512818147,0,0,True,100.0,100.0
126,4630,1040.9080382726097,25,22.0,862.0,12,0.9842391756866061,0,0,False,962.0,962.0
127,52,157.72003038590972,19,16.0,0.0,1,0.4390850455333388,0,0,False,-2680.0,2680.0
127,427,3.6861247700720745,14,11.0,750.0,2,0.9830791687878848,0,0,False,-1930.0,1930.0
127,679,3867.03569076812,37,34.0,504.0,3,0.9925246509205469,0,0,False,-1426.0,1426.0
127,1432,4430.119053778693,15,12.0,1506.0,4,0.9967223037295179,0,0,True,80.0,80.0
127,2157,1117.2055060533214,13,10.0,1450.0,5,0.9943369001687213,0,0,True,32.0,32.0
127,2911,1082.371874728964,12,9.0,1508.0,6,0.9931510146588963,0,0,True,36.0,36.0
127,3682,4344.387272377566,15,12.0,1542.0,7,0.9929530437612393,0,0,True,80.0,80.0
127,4410,5006.032228200815,16,13.0,1456.0,8,0.9933207696568165,0,0,False,1536.0,1536.0
128,52,539.5591865022585,19,16.0,0.0,1,0.4390850455333388,0,0,False,-1354.0,1354.0
128,301,13.142068570897086,120,118.0,498.0,2,0.9999982711882032,0,0,False,-856.0,856.0
128,770,18347.53174440789,16,13.0,938.0,3,0.9941508328832623,0,0,True,82.0,82.0
128,1317,5397.488164414638,9,6.0,1094.0,4,0.9884923231412539,0,0,True,42.0,42.0
128,1916,19470.90737278824,15,12.0,1198.0,5,0.9854074939784745,0,0,True,80.0,80.0
128,2507,18992.61353204217,22,19.0,1182.0,6,0.9854450553989094,0,0,True,94.0,94.0
128,3066,22040.94822251562,22,19.0,1118.0,7,0.9874776118886905,0,0,True,94.0,94.0
128,3596,21755.031116143404,15,12.0,1060.0,8,0.9891815127158127,0,0,True,80.0,80.0
128,4164,19102.42503594379,21,18.0,1136.0,9,0.9906352071198323,0,0,True,92.0,92.0
128,4714,19780.809772288998,16,13.0,1100.0,10,0.9920050343001573,0,0,False,1192.0,1192.0
129,50,135.3503856594403,14,11.0,0.0,1,0.43954985172910005,0,0,False,-1054.0,1054.0
129,323,140.30297436403265,120,118.0,546.0,2,0.9999958577665138,0,0,False,-508.0,508.0
129,572,66.26527000346795,13,10.0,498.0,3,0.9999968811518413,0,0,True,-10.0,10.0
129,839,299.7397002405154,109,106.0,534.0,4,0.9999987459604367,0,0,False,-470.0,470.0
129,1118,17009.722344746504,17,14.0,558.0,5,0.9927821683104316,0,0,True,88.0,88.0
129,1707,14233.495022634976,18,15.0,1178.0,6,0.9857789692264292,0,0,True,88.0,88.0
129,2097,17689.345447343003,17,14.0,780.0,7,0.9827372615855156,0,0,True,88.0,88.0
129,2607,16768.54057702505,17,14.0,1020.0,8,0.9845301365615264,0,0,True,90.0,90.0
129,3118,15889.942675634573,17,14.0,1022.0,9,0.984379441060802,0,0,True,86.0,86.0
129,3502,4719.7484358932525,10,7.0,768.0,10,0.9825574597547557,0,0,True,40.0,40.0
129,4023,17640.656070993813,18,15.0,1042.0,11,0.9815443052166392,0,0,True,88.0,88.0
129,4605,4950.232672360404,10,7.0,1164.0,12,0.9826608146043074,0,0,False,1252.0,1252.0
130,50,19.958557176096765,23,20.0,0.0,1,0.43954985172910005,0,0,False,-1904.0,1904.0
130,297,34.34272449014147,33,30.0,494.0,2,0.9999689666636217,0,0,False,-1410.0,1410.0
130,555,441.9210622792094,72,69.0,516.0,3,0.9999990724054345,0,0,False,-894.0,894.0
130,1021,385.8248717369722,12,9.0,932.0,4,0.9838029697361957,0,0,True,38.0,38.0
130,1552,659.0405720481175,9,6.0,1062.0,5,0.9657270879238051,0,0,True,40.0,40.0
130,2085,457.14487371806644,11,8.0,1066.0,6,0.9582896144838727,0,0,True,38.0,38.0
130,2595,308.1431918580614,13,10.0,1020.0,7,0.95658389384119,0,0,True,4.0,4.0
130,3144,673.8149976422743,9,6.0,1098.0,8,0.9467838229081976,0,0,True,42.0,42.0
130,3678,574.3132352527352,10,7.0,1068.0,9,0.9446826387888034,0,0,True,38.0,38.0
130,4207,400.06677103016466,12,9.0,1058.0,10,0.9410565826338076,0,0,True,40.0,40.0
130,4737,722.0514716647984,9,6.0,1060.0,11,0.9413862534302025,0,0,False,1100.0,1100.0
131,49,23.521355710869983,21,18.0,0.0,1,0.43980075925717627,0,0,False,-1706.0,1706.0
131,306,15.128252211272672,32,29.0,514.0,2,0.999995172029981,0,0,False,-1192.0,1192.0
131,591,23.16406319906749,12,9.0,570.0,3,0.999999938174475,0,0,False,-622.0,622.0
131,944,25141.1910702883,17,14.0,706.0,4,0.9827136580276623,0,0,True,84.0,84.0
131,1394,25347.432748515967,17,14.0,900.0,5,0.9769665142510269,0,0,True,84.0,84.0
131,1847,24093.540112384297,18,15.0,906.0,6,0.9722804317447646,0,0,True,84.0,84.0
131,2290,5986.5161226618075,9,6.0,886.0,7,0.9766691349463964,0,0,True,40.0,40.0
131,2756,5863.408693745255,9,6.0,932.0,8,0.9762330514104857,0,0,True,40.0,40.0
131,3242,22378.928642016548,15,12.0,972.0,9,0.9748118446841452,0,0,True,80.0,80.0
131,3681,7204.075963915966,10,7.0,878.0,10,0.9761792755248839,0,0,True,40.0,40.0
131,4156,21307.69686171591,16,13.0,950.0,11,0.9752246379421683,0,0,True,82.0,82.0
131,4593,5670.561732968493,9,6.0,874.0,12,0.978617012208593,0,0,False,956.0,956.0
132,56,47.84745108407837,36,33.0,0.0,1,0.43828697039017805,0,0,False,-1232.0,1232.0
132,297,24862.469840821053,16,13.0,482.0,2,0.9999947334572723,0,0,False,-750.0,750.0
132,655,747.718875630559,17,14.0,716.0,3,0.991860712244614,0,0,True,-34.0,34.0
132,1242,898.4945994815773,16,13.0,1174.0,4,0.9827671208422437,0,0,True,-32.0,32.0
132,1688,660.227110023812,17,14.0,892.0,5,0.9779879525970394,0,0,True,-32.0,32.0
132,2271,884.4312554562694,15,12.0,1166.0,6,0.9743952428512969,0,0,True,-34.0,34.0
132,2702,849.6666982317367,15,12.0,862.0,7,0.9686584280362305,0,0,True,-38.0,38.0
132,3305,1002.2100740842577,16,13.0,1206.0,8,0.9679344050235579,0,0,True,-34.0,34.0
132,3722,732.3312134964577,17,14.0,834.0,9,0.963099797557073,0,0,True,-32.0,32.0
132,4317,811.1895377064817,16,13.0,1190.0,10,0.9589202416990003,0,0,True,-32.0,32.0
132,4843,950.0266839269864,16,13.0,1052.0,11,0.9624583256176413,0,0,False,1020.0,1020.0
133,53,23.782833234385272,18,15.0,0.0,1,0.43886992369145444,0,0,False,-1446.0,1446.0
133,314,2.1048540903460484,120,118.0,522.0,2,0.9999987451981194,0,0,False,-924.0,924.0
133,818,3712.900143354672,16,13.0,1008.0,3,0.9950724538431429,0,0,True,84.0,84.0
133,1382,911.1674200909223,10,7.0,1128.0,4,0.9938226889137736,0,0,True,40.0,40.0
133,1974,3864.3338366876987,15,12.0,1184.0,5,0.9933509912547546,0,0,True,82.0,82.0
133,2587,3588.1094571348976,15,12.0,1226.0,6,0.9947929565776262,0,0,True,82.0,82.0
133,3164,783.6392456991596,10,7.0,1154.0,7,0.994469326542287,0,0,True,38.0,38.0
133,3766,3567.6527693587727,15,12.0,1204.0,8,0.9940268647781596,0,0,True,80.0,80.0
133,4373,3607.1406435491836,16,13.0,1214.0,9,0.9938800084312998,0,0,True,82.0,82.0
134,52,174.89811351956976,31,28.0,0.0,1,0.4390850455333388,0,0,False,-1852.0,1852.0
134,337,418.631864642858,34,31.0,570.0,2,0.9999923364098948,0,0,False,-1282.0,1282.0
134,580,2006.8095379331808,32,29.0,486.0,3,0.9999999110151496,0,0,False,-796.0,796.0
134,935,477.2261581772723,35,32.0,710.0,4,0.9949073837092668,0,0,True,-86.0,86.0
134,1185,1572.4598517708366,36,33.0,500.0,5,0.9883203097765952,0,0,False,414.0,414.0
134,1610,10548.17613617468,10,7.0,850.0,6,0.9803730498549581,0,0,True,48.0,48.0
134,2228,27486.70881247737,19,16.0,1236.0,7,0.9715543384854465,0,0,True,94.0,94.0
134,2817,34183.32799383771,19,16.0,1178.0,8,0.9733867828326495,0,0,True,96.0,96.0
134,3392,10764.867206674067,10,7.0,1150.0,9,0.9805139752474443,0,0,True,46.0,46.0
134,4020,26711.001391650912,20,17.0,1256.0,10,0.9780050537745295,0,0,True,96.0,96.0
134,4585,12806.791117278082,10,7.0,1130.0,11,0.9749344894999253,0,0,False,1226.0,1226.0
135,44,26122.98914180881,15,12.0,0.0,1,0.44126784284698367,0,0,False,-1640.0,1640.0
135,466,35521.51114392864,15,12.0,844.0,2,0.996734906580225,0,0,False,-796.0,796.0
135,904,33864.75885313294,15,12.0,876.0,3,0.9867691782304009,0,0,True,80.0,80.0
135,1362,33678.098117559086,15,12.0,916.0,4,0.9883532584775536,0,0,True,76.0,76.0
135,1789,7926.1398525929135,10,7.0,854.0,5,0.9809149484732883,0,0,True,36.0,36.0
135,2225,33863.36031545967,15,12.0,872.0,6,0.9733905535453541,0,0,True,80.0,80.0
135,2624,8172.459217093652,10,7.0,798.0,7,0.9714245195211998,0,0,True,40.0,40.0
135,3083,34377.98179159833,15,12.0,918.0,8,0.9692772164431549,0,0,True,80.0,80.0
135,3534,34168.89736504388,15,12.0,902.0,9,0.9718372286658193,0,0,True,80.0,80.0
135,3978,8204.831482268213,10,7.0,888.0,10,0.9735755896434684,0,0,True,36.0,36.0
135,4424,33667.185013997165,15,12.0,892.0,11,0.971844059771261,0,0,True,80.0,80.0
135,4834,33670.564789544136,15,12.0,820.0,12,0.9746487432313662,0,0,False,900.0,900.0
136,64,23548.822532662347,13,10.0,0.0,1,0.4371074738424272,0,0,False,-574.0,574.0
136,331,1336.0869213718613,14,11.0,534.0,2,0.9875706599979663,0,0,True,-40.0,40.0
136,657,1206.3966815658664,14,11.0,652.0,3,0.9692101790655716,0,0,True,-38.0,38.0
136,999,946.2612072606044,14,11.0,684.0,4,0.9550361318487424,0,0,True,-38.0,38.0
136,1370,1014.3597264866354,14,11.0,742.0,5,0.9436195147637368,0,0,True,-36.0,36.0
136,1707,1139.7269710042174,13,10.0,674.0,6,0.9378379570782082,0,0,True,-40.0,40.0
136,2044,1134.280279191215,13,10.0,674.0,7,0.932099979913417,0,0,True,-40.0,40.0
136,2392,1145.2869508883145,13,10.0,696.0,8,0.9220607179503503,0,0,True,-40.0,40.0
136,2742,1014.5909348964587,13,10.0,700.0,9,0.9180640343424902,0,0,True,-40.0,40.0
136,3092,1131.9686924184816,14,11.0,700.0,10,0.9150324219268483,0,0,True,-38.0,38.0
136,3438,1053.0493527107099,14,11.0,692.0,11,0.9134767598811171,0,0,True,-40.0,40.0
136,3791,1056.2371737446097,14,11.0,706.0,12,0.9059474558207484,0,0,True,-40.0,40.0
136,4143,1077.120636944195,14,11.0,704.0,13,0.9003465302774281,0,0,True,-40.0,40.0
136,4489,1026.1404960714885,14,11.0,692.0,14,0.898798773386792,0,0,True,-38.0,38.0
136,4839,1058.8313959927386,14,11.0,700.0,15,0.8922506952845389,0,0,False,662.0,662.0
137,60,108.72726899952993,33,30.0,0.0,1,0.437636933198104,0,0,False,-1440.0,1440.0
137,335,3129.4035820336208,11,8.0,550.0,2,0.9987188772392167,0,0,False,-890.0,890.0
137,766,721.2172598297241,15,12.0,862.0,3,0.9914892750411518,0,0,True,-28.0,28.0
137,1013,465.99049355521674,74,71.0,494.0,4,0.9880730612989163,0,0,False,-448.0,448.0
137,1257,4164.599987265822,11,8.0,488.0,5,0.9798478526453405,0,0,True,40.0,40.0
137,1696,505.6233020330993,17,14.0,878.0,6,0.9801370405155019,0,0,True,-24.0,24.0
137,1940,544.8573316221559,70,67.0,488.0,7,0.9790801565817897,0,0,False,464.0,464.0
137,2206,4527.308445089437,10,7.0,532.0,8,0.9787825804849385,0,0,True,38.0,38.0
137,2636,844.1314616389567,16,13.0,860.0,9,0.9778111326646345,0,0,True,-30.0,30.0
137,2883,458.1815814127414,81,78.0,494.0,10,0.9720243486733843,0,0,False,-448.0,448.0
137,3126,4296.6372223953085,10,7.0,486.0,11,0.9684827389379013,0,0,True,38.0,38.0
137,3558,545.6278597123015,17,14.0,864.0,12,0.9734491881514941,0,0,True,-24.0,24.0
137,3804,568.7789519508704,72,69.0,492.0,13,0.9711785782776037,0,0,False,468.0,468.0
137,4067,4594.043324208391,11,8.0,526.0,14,0.9736612795189782,0,0,True,38.0,38.0
137,4502,732.6753629343496,17,14.0,870.0,15,0.9778113948988669,0,0,True,-28.0,28.0
137,4750,512.6530963525776,73,70.0,496.0,16,0.9755611534313701,0,0,False,468.0,468.0
137,4993,3876.585297519695,11,8.0,486.0,17,0.9722125265929363,0,0,False,954.0,954.0
138,48,52.436707513332706,27,24.0,0.0,1,0.44006487244462494,0,0,False,-1412.0,1412.0
138,289,1959.4072352599985,11,8.0,482.0,2,0.99999660966892,0,0,False,-930.0,930.0
138,628,214.60729391221557,14,11.0,678.0,3,0.9760073939194607,0,0,False,-252.0,252.0
138,1192,1213.1499006328174,13,10.0,1128.0,4,0.9850261563946098,0,0,True,-64.0,64.0
138,1671,1316.3520790656335,15,12.0,958.0,5,0.9661506361401722,0,0,True,-66.0,66.0
138,2148,1323.8380226414365,12,9.0,954.0,6,0.9579348151561018,0,0,True,-62.0,62.0
138,2636,1063.0206971990854,13,10.0,976.0,7,0.95419877724863,0,0,True,-74.0,74.0
138,3184,1921.8335086595857,13,10.0,1096.0,8,0.9383696240804783,0,0,True,36.0,36.0
138,3654,1092.768641906491,13,10.0,940.0,9,0.9470157712970496,0,0,True,-62.0,62.0
138,4167,881.5145006595833,11,8.0,1026.0,10,0.9571431451720895,0,0,True,-70.0,70.0
138,4687,1013.0805243620692,13,10.0,1040.0,11,0.9536177376683751,0,0,False,970.0,970.0
139,53,46.72376331820516,12,9.0,0.0,1,0.43886992369145444,0,0,False,-1116.0,1116.0
139,297,2661.1423292613786,76,73.0,488.0,2,0.9999976966458984,0,0,False,-628.0,628.0
139,591,1264.4226029325964,20,17.0,588.0,3,0.9765671176705383,0,0,True,-40.0,40.0
139,1037,5337.283131272358,10,7.0,892.0,4,0.9568489460638258,0,0,True,38.0,38.0
139,1465,5615.8840728884215,11,8.0,856.0,5,0.9444727683918758,0,0,True,40.0,40.0
139,1902,4840.586251533723,11,8.0,874.0,6,0.9340558572110652,0,0,True,40.0,40.0
139,2348,18429.88227236647,14,11.0,892.0,7,0.9178821544070355,0,0,True,80.0,80.0
139,2752,20389.70204461252,13,10.0,808.0,8,0.9223145297360444,0,0,True,78.0,78.0
139,3145,24624.49104809187,13,10.0,786.0,9,0.9321403349301561,0,0,True,76.0,76.0
139,3520,5148.443742336812,10,7.0,750.0,10,0.9369001699486071,0,0,True,38.0,38.0
139,3934,20744.327063732388,13,10.0,828.0,11,0.9347796043764821,0,0,True,76.0,76.0
139,4318,4577.195055735468,11,8.0,768.0,12,0.944062806303876,0,0,True,40.0,40.0
139,4729,21382.43868231793,13,10.0,822.0,13,0.9440252156013774,0,0,False,862.0,862.0
140,50,573.0976713238172,22,19.0,0.0,1,0.43954985172910005,0,0,False,-1130.0,1130.0
140,309,15044.883249288318,39,36.0,518.0,2,0.9984994267546097,0,0,False,-612.0,612.0
140,635,5800.060702015386,9,6.0,652.0,3,0.996155583208966,0,0,True,40.0,40.0
140,1043,19974.693686996536,17,14.0,816.0,4,0.9888928064474611,0,0,True,84.0,84.0
140,1432,20567.75607327543,17,14.0,778.0,5,0.9830970850554481,0,0,True,86.0,86.0
140,1795,5768.918117785257,9,6.0,726.0,6,0.9845483427103836,0,0,True,40.0,40.0
140,2186,19121.26134711986,18,15.0,782.0,7,0.9834133187275307,0,0,True,86.0,86.0
140,2553,19908.14974740701,17,14.0,734.0,8,0.9855669353390976,0,0,True,86.0,86.0
140,2932,20967.21740632872,17,14.0,758.0,9,0.9873512152281614,0,0,True,86.0,86.0
140,3327,20323.13399224922,17,14.0,790.0,10,0.9872665795659656,0,0,True,86.0,86.0
140,3738,19713.00321676241,17,14.0,822.0,11,0.9870015843008357,0,0,True,86.0,86.0
140,4132,19839.3727134135,18,15.0,788.0,12,0.9884909339231889,0,0,True,86.0,86.0
140,4526,19374.744300552156,18,15.0,788.0,13,0.9881479621851739,0,0,True,86.0,86.0
140,4896,18854.400216254748,18,15.0,740.0,14,0.9886797650294138,0,0,False,826.0,826.0
141,52,966.228086803563,30,27.0,0.0,1,0.4390850455333388,0,0,False,-1342.0,1342.0
141,301,21736.10717284361,35,32.0,498.0,2,0.9999982143188216,0,0,False,-844.0,844.0
141,743,5033.663529639905,10,7.0,884.0,3,0.9829467664973932,0,0,True,40.0,40.0
141,1170,1397.7983647984884,15,12.0,854.0,4,0.9819622152235187,0,0,True,-62.0,62.0
141,1682,1320.8347794680897,33,30.0,1024.0,5,0.974363974477615,0,0,True,-22.0,22.0
141,2154,1334.370468255152,16,13.0,944.0,6,0.9753304963937782,0,0,True,-60.0,60.0
141,2649,1245.1176696609075,15,12.0,990.0,7,0.9768266322419251,0,0,True,-60.0,60.0
141,3134,1280.446900935395,16,13.0,970.0,8,0.977634714402645,0,0,True,-58.0,58.0
141,3603,1203.344045243688,16,13.0,938.0,9,0.9770072105434827,0,0,True,-60.0,60.0
141,4108,1163.726570591197,32,29.0,1010.0,10,0.9722761950260289,0,0,True,-24.0,24.0
141,4580,1319.0041320529567,16,13.0,944.0,11,0.9700308559801941,0,0,False,920.0,920.0
142,55,11.579200748802476,14,11.0,0.0,1,0.43847141047936367,0,0,False,-960.0,960.0
142,310,936.8054121785132,33,30.0,510.0,2,0.9999985292613374,0,0,False,-450.0,450.0
142,584,13398.562430313168,23,20.0,548.0,3,0.9941601715442978,0,0,True,98.0,98.0
142,977,13483.820718684825,24,21.0,786.0,4,0.9870932225558842,0,0,True,98.0,98.0
142,1372,14413.915016501947,24,21.0,790.0,5,0.9854274188700974,0,0,True,98.0,98.0
142,1790,14467.018389021052,24,21.0,836.0,6,0.9828829791064296,0,0,True,98.0,98.0
142,2164,3824.7731693026426,9,6.0,748.0,7,0.9711634744108677,0,0,True,40.0,40.0
142,2575,12804.603487570997,14,11.0,822.0,8,0.9598224356639274,0,0,True,78.0,78.0
142,2967,13804.825723680548,14,11.0,784.0,9,0.9553306502884206,0,0,True,78.0,78.0
142,3386,14780.154359631688,24,21.0,838.0,10,0.9573343012338915,0,0,True,98.0,98.0
142,3779,3720.8863855193217,9,6.0,786.0,11,0.9594938903594875,0,0,True,40.0,40.0
142,4247,14377.172309537662,23,20.0,936.0,12,0.9572581851212383,0,0,True,96.0,96.0
142,4665,13625.729118101479,24,21.0,836.0,13,0.9585279940577198,0,0,False,932.0,932.0
143,50,9.903083072137754,27,24.0,0.0,1,0.43954985172910005,0,0,False,-832.0,832.0
143,293,589.474367335669,19,16.0,486.0,2,0.9999970832172215,0,0,False,-346.0,346.0
143,851,27311.011349214823,22,19.0,1116.0,3,0.9868354332462378,0,0,True,94.0,94.0
143,1160,6142.638147992845,9,6.0,618.0,4,0.983782693295794,0,0,True,40.0,40.0
143,1521,25075.376908966216,23,20.0,722.0,5,0.9797453274562543,0,0,True,96.0,96.0
143,1847,6298.867104595346,9,6.0,652.0,6,0.9790524429793066,0,0,True,40.0,40.0
143,2236,28061.23840906763,15,12.0,778.0,7,0.9747720908693742,0,0,True,80.0,80.0
143,2612,6966.967388118811,9,6.0,752.0,8,0.9758390507931723,0,0,True,40.0,40.0
143,2993,6220.960426762086,9,6.0,762.0,9,0.9740773051005857,0,0,True,38.0,38.0
143,3383,25732.343817664954,22,19.0,780.0,10,0.9738048909010905,0,0,True,94.0,94.0
143,3716,6465.748245191425,9,6.0,666.0,11,0.9757363277892203,0,0,True,38.0,38.0
143,4085,6871.487535507797,9,6.0,738.0,12,0.9743454358397003,0,0,True,38.0,38.0
143,4460,7215.288957862509,9,6.0,750.0,13,0.9725297243369505,0,0,True,40.0,40.0
143,4844,7416.964126084674,9,6.0,768.0,14,0.9717285544417258,0,0,False,808.0,808.0
144,51,73.52284669240433,31,28.0,0.0,1,0.4393114895774276,0,0,False,-1124.0,1124.0
144,295,26.834524036206098,120,118.0,488.0,2,0.9999978785434119,0,0,False,-636.0,636.0
144,635,8705.78909861602,10,7.0,680.0,3,0.9950613720474528,0,0,True,44.0,44.0
144,1077,8610.266692716807,10,7.0,884.0,4,0.9904867014193944,0,0,True,44.0,44.0
144,1544,8852.821018491426,9,6.0,934.0,5,0.9873371033955457,0,0,True,36.0,36.0
144,2035,9058.82677637629,10,7.0,982.0,6,0.9862453822101653,0,0,True,44.0,44.0
144,2485,8303.241870158115,10,7.0,900.0,7,0.9840385624739767,0,0,True,44.0,44.0
144,2941,8730.770648989175,10,7.0,912.0,8,0.983769347874865,0,0,True,42.0,42.0
144,3405,9099.459442905765,10,7.0,928.0,9,0.9823751894614635,0,0,True,44.0,44.0
144,3863,8937.734399786426,10,7.0,916.0,10,0.9821654059454091,0,0,True,44.0,44.0
144,4326,9063.396752931989,10,7.0,926.0,11,0.9835178165133671,0,0,True,44.0,44.0
144,4752,8194.736720560893,10,7.0,852.0,12,0.9836067880434527,0,0,False,896.0,896.0
145,50,1.8038401681182061,15,12.0,0.0,1,0.43954985172910005,0,0,False,-1250.0,1250.0
145,350,11.349246151951885,120,118.0,600.0,2,0.9999994382423729,0,0,False,-650.0,650.0
145,715,28759.60844479663,16,13.0,730.0,3,0.9985852651986568,0,0,True,80.0,80.0
145,1161,27290.18655380429,15,12.0,892.0,4,0.9902298975002322,0,0,True,80.0,80.0
145,1597,29696.45278081512,15,12.0,872.0,5,0.9904665038496568,0,0,True,80.0,80.0
145,2060,28978.51645774144,15,12.0,926.0,6,0.9894903662078905,0,0,True,80.0,80.0
145,2541,28196.166331163222,15,12.0,962.0,7,0.9888555634980002,0,0,True,80.0,80.0
145,3003,27465.922645760722,15,12.0,924.0,8,0.9884965278622506,0,0,True,80.0,80.0
145,3447,28949.44812317693,15,12.0,888.0,9,0.9895488768141667,0,0,True,80.0,80.0
145,3911,29277.383214888636,15,12.0,928.0,10,0.9906081698412699,0,0,True,80.0,80.0
145,4371,28804.20903164476,15,12.0,920.0,11,0.9906564559338571,0,0,True,80.0,80.0
145,4822,27804.589027375227,16,13.0,902.0,12,0.9902489291879296,0,0,False,982.0,982.0
146,68,32808.31659775818,17,14.0,0.0,1,0.4366762258881075,0,0,False,-1086.0,1086.0
146,652,35923.7797986424,16,13.0,1168.0,2,0.988248403542387,0,0,True,82.0,82.0
146,1241,35552.282993410205,16,13.0,1178.0,3,0.9903405087769765,0,0,True,82.0,82.0
146,1803,32577.73033326708,17,14.0,1124.0,4,0.9854528246653655,0,0,True,84.0,84.0
146,2325,34012.84705859537,16,13.0,1044.0,5,0.9839021485832253,0,0,True,82.0,82.0
146,2838,34378.65830712731,16,13.0,1026.0,6,0.9837352916300582,0,0,True,82.0,82.0
146,3346,33602.88160024541,16,13.0,1016.0,7,0.9851853493277992,0,0,True,82.0,82.0
146,3818,32646.86647097526,16,13.0,944.0,8,0.9843829655934655,0,0,True,84.0,84.0
146,4359,34689.50130265417,16,13.0,1082.0,9,0.9868435541329206,0,0,True,84.0,84.0
146,4928,35341.90125732216,16,13.0,1138.0,10,0.9887736592598525,0,0,False,1222.0,1222.0
147,55,293.9604601170762,18,15.0,0.0,1,0.43847141047936367,0,0,False,-1152.0,1152.0
147,324,549.4569219296258,23,20.0,538.0,2,0.99999939344383,0,0,False,-614.0,614.0
147,673,35989.94625659716,16,13.0,698.0,3,0.9873508424509386,0,0,True,84.0,84.0
147,1155,10036.469564364852,10,7.0,964.0,4,0.9842643148412624,0,0,True,40.0,40.0
147,1675,38744.132462392896,16,13.0,1040.0,5,0.9782849201917654,0,0,True,84.0,84.0
147,2157,9952.714416450775,10,7.0,964.0,6,0.9822002787793203,0,0,True,40.0,40.0
147,2688,35152.81010560221,16,13.0,1062.0,7,0.9807190973540184,0,0,True,84.0,84.0
147,3165,9932.389137966313,10,7.0,954.0,8,0.9823575070238987,0,0,True,40.0,40.0
147,3661,10658.486053489716,10,7.0,992.0,9,0.9811539782419154,0,0,True,40.0,40.0
147,4161,9991.771160907927,10,7.0,1000.0,10,0.9797473907736187,0,0,True,40.0,40.0
147,4666,9317.249081247635,10,7.0,1010.0,11,0.9812988476549028,0,0,False,1050.0,1050.0
148,50,245.1430676711049,23,20.0,0.0,1,0.43954985172910005,0,0,False,-1106.0,1106.0
148,347,174.85449681523136,16,13.0,594.0,2,0.9999998078050636,0,0,False,-512.0,512.0
148,622,6379.387668785511,10,7.0,550.0,3,0.9944625358086517,0,0,True,38.0,38.0
148,1038,6296.056343786341,9,6.0,832.0,4,0.9845365821114241,0,0,True,40.0,40.0
148,1472,6484.8523113082865,9,6.0,868.0,5,0.9784137308937371,0,0,True,40.0,40.0
148,1902,6316.677948389309,9,6.0,860.0,6,0.9730337103855188,0,0,True,36.0,36.0
148,2392,6877.84731239963,9,6.0,980.0,7,0.9724024311579033,0,0,True,38.0,38.0
148,2866,6336.895412729915,10,7.0,948.0,8,0.9731761811363143,0,0,True,40.0,40.0
148,3317,6700.2051457922225,9,6.0,902.0,9,0.9725273362902094,0,0,True,40.0,40.0
148,3705,6328.131377700146,10,7.0,776.0,10,0.967894016467895,0,0,True,40.0,40.0
148,4076,5988.985952168006,9,6.0,742.0,11,0.9616449814205071,0,0,True,40.0,40.0
148,4458,6472.323163955707,9,6.0,764.0,12,0.9594135447664429,0,0,True,36.0,36.0
148,4969,6443.860322684799,9,6.0,1022.0,13,0.9643972719407119,0,0,False,1058.0,1058.0
149,52,1302.1731754084856,31,28.0,0.0,1,0.4390850455333388,0,0,False,-1262.0,1262.0
149,299,26811.985999732504,37,34.0,494.0,2,0.9984335644253783,0,0,False,-768.0,768.0
149,724,34823.66247126965,16,13.0,850.0,3,0.9879205453389055,0,0,True,82.0,82.0
149,1157,36621.03232756432,15,12.0,866.0,4,0.9839025136456707,0,0,True,84.0,84.0
149,1599,37033.32259579251,16,13.0,884.0,5,0.9829154445648038,0,0,True,82.0,82.0
149,2039,36018.879553861,15,12.0,880.0,6,0.9824337541296616,0,0,True,80.0,80.0
149,2470,34567.547474449806,16,13.0,862.0,7,0.9831701406669084,0,0,True,82.0,82.0
149,2888,35619.01674594188,15,12.0,836.0,8,0.9834984425844797,0,0,True,82.0,82.0
149,3318,35546.676850939344,15,12.0,860.0,9,0.9839945887036132,0,0,True,82.0,82.0
149,3764,33214.485746984574,16,13.0,892.0,10,0.9851210984128298,0,0,True,84.0,84.0
149,4191,9158.22028183239,10,7.0,854.0,11,0.9862711517616778,0,0,True,40.0,40.0
149,4658,35337.80111421741,15,12.0,934.0,12,0.9848235365850655,0,0,False,974.0,974.0
150,52,907.428612838046,31,28.0,0.0,1,0.4390850455333388,0,0,False,-1774.0,1774.0
150,411,72.77114046774864,12,9.0,718.0,2,0.993212716964055,0,0,False,-1056.0,1056.0
150,661,660.0018236457717,19,16.0,500.0,3,0.9984744292877702,0,0,False,-556.0,556.0
150,979,24978.953828633086,15,12.0,636.0,4,0.9871109026676219,0,0,True,80.0,80.0
150,1468,24390.29543009474,15,12.0,978.0,5,0.9774693973426266,0,0,True,78.0,78.0
150,1952,24081.05699964485,15,12.0,968.0,6,0.9750539851249256,0,0,True,80.0,80.0
150,2436,24830.88754279145,15,12.0,968.0,7,0.9765231175588351,0,0,True,82.0,82.0
150,2904,24519.55163427079,16,13.0,936.0,8,0.9791482805034393,0,0,True,82.0,82.0
150,3384,24032.708963365083,15,12.0,960.0,9,0.9804723736713955,0,0,True,80.0,80.0
150,3860,6537.9029179487525,10,7.0,952.0,10,0.9814843437802814,0,0,True,40.0,40.0
150,4353,6220.702488734733,10,7.0,986.0,11,0.9818463701996286,0,0,True,40.0,40.0
150,4869,24393.189834867542,16,13.0,1032.0,12,0.9824854642427642,0,0,False,1072.0,1072.0
151,50,107.22849176647567,20,17.0,0.0,1,0.43954985172910005,0,0,False,-1094.0,1094.0
151,327,23.89466357756501,120,118.0,554.0,2,0.9999995495427056,0,0,False,-540.0,540.0
151,574,757.5156415460867,31,28.0,494.0,3,0.9920617722482015,0,0,True,-46.0,46.0
151,969,771.0862959432692,32,29.0,790.0,4,0.9752839361567215,0,0,True,-46.0,46.0
151,1386,706.3825335849007,35,32.0,834.0,5,0.9614577612079434,0,0,True,-42.0,42.0
151,1836,4788.743248919353,10,7.0,900.0,6,0.9378008948191783,0,0,True,40.0,40.0
151,2235,4889.755860649156,9,6.0,798.0,7,0.9308699295460968,0,0,True,40.0,40.0
151,2633,4525.144824909379,9,6.0,796.0,8,0.9259400519283001,0,0,True,40.0,40.0
151,3049,5086.482445422406,10,7.0,832.0,9,0.9216303266584543,0,0,True,40.0,40.0
151,3468,4216.0535674229595,9,6.0,838.0,10,0.9243308399133716,0,0,True,38.0,38.0
151,3893,4129.861887932624,9,6.0,850.0,11,0.9265572150742581,0,0,True,40.0,40.0
151,4299,5100.130402991692,10,7.0,812.0,12,0.9279125733996151,0,0,True,40.0,40.0
151,4700,4501.015452946329,9,6.0,802.0,13,0.9272285119371444,0,0,False,842.0,842.0
152,57,270.639927493185,16,13.0,0.0,1,0.43811175230545174,0,0,False,-1048.0,1048.0
152,569,101.88154396186624,18,15.0,1024.0,2,0.9908938136656684,0,0,True,-24.0,24.0
152,1065,170.13759325591187,17,14.0,992.0,3,0.9862177054569088,0,0,True,-26.0,26.0
152,1520,223.52008554894206,14,11.0,910.0,4,0.9837439045400751,0,0,True,-26.0,26.0
152,1975,111.13098708460966,18,15.0,910.0,5,0.9834262593885554,0,0,True,-26.0,26.0
152,2422,294.59516563906624,16,13.0,894.0,6,0.9842328729046869,0,0,True,-30.0,30.0
152,2861,320.5123881177439,17,14.0,878.0,7,0.9824724411839458,0,0,True,-32.0,32.0
152,3282,324.7446689055173,17,14.0,842.0,8,0.9802049543572287,0,0,True,-32.0,32.0
152,3726,255.47691959979193,18,15.0,888.0,9,0.9791325958525733,0,0,True,-30.0,30.0
152,4212,291.77591545486496,17,14.0,972.0,10,0.9782110752649008,0,0,True,-30.0,30.0
152,4701,202.30851401238334,15,12.0,978.0,11,0.9817510041706439,0,0,False,948.0,948.0
153,51,46.534721367543916,21,18.0,0.0,1,0.4393114895774276,0,0,False,-1420.0,1420.0
153,293,34961.72995252765,36,33.0,484.0,2,0.9999933377616773,0,0,False,-936.0,936.0
153,802,37289.305941609084,15,12.0,1018.0,3,0.9979825281851913,0,0,True,82.0,82.0
153,1290,8775.175292880453,10,7.0,976.0,4,0.9978316262163108,0,0,True,40.0,40.0
153,1846,40924.92158659445,15,12.0,1112.0,5,0.997091179116212,0,0,True,82.0,82.0
153,2383,41186.226566386045,15,12.0,1074.0,6,0.997169651798733,0,0,True,82.0,82.0
153,2913,39338.914608119296,15,12.0,1060.0,7,0.9975420645056885,0,0,True,82.0,82.0
153,3390,8509.83648362011,10,7.0,954.0,8,0.9976372938637461,0,0,True,40.0,40.0
153,3883,9338.480412502817,10,7.0,986.0,9,0.99726305079114,0,0,True,40.0,40.0
153,4426,40789.5498136368,15,12.0,1086.0,10,0.9972545677613048,0,0,True,80.0,80.0
153,4964,41507.529271314284,15,12.0,1076.0,11,0.9975827166656064,0,0,False,1156.0,1156.0
154,51,15.70915096812514,32,29.0,0.0,1,0.4393114895774276,0,0,False,-1372.0,1372.0
154,319,7575.7533182866855,9,6.0,536.0,2,0.9999925374465944,0,0,False,-836.0,836.0
154,706,277.1714674725432,15,12.0,774.0,3,0.9887870807574732,0,0,True,-62.0,62.0
154,1138,296.5470491643247,14,11.0,864.0,4,0.9817444601886092,0,0,True,-64.0,64.0
154,1584,437.7069129638665,15,12.0,892.0,5,0.9804337253454913,0,0,True,-62.0,62.0
154,2030,366.253028423219,17,14.0,892.0,6,0.9752306878904309,0,0,True,-58.0,58.0
154,2452,257.00476486989487,13,10.0,844.0,7,0.9714142449068145,0,0,True,-64.0,64.0
154,2878,362.81673143226493,17,14.0,852.0,8,0.9739056266294079,0,0,True,-58.0,58.0
154,3312,290.7089399933758,15,12.0,868.0,9,0.9763000249059725,0,0,True,-60.0,60.0
154,3771,270.5555599196024,33,30.0,918.0,10,0.9721625060612429,0,0,True,-20.0,20.0
154,4177,377.80034074482694,14,11.0,812.0,11,0.9694846842628597,0,0,True,-62.0,62.0
154,4417,501.3052080828171,67,64.0,480.0,12,0.9689344688300136,0,0,False,418.0,418.0
154,4696,28519.694780623955,22,19.0,558.0,13,0.9505268464314112,0,0,False,976.0,976.0
155,55,230.37556806080815,30,27.0,0.0,1,0.43847141047936367,0,0,False,-1344.0,1344.0
155,331,12.912838076659199,120,118.0,552.0,2,0.9999994972947311,0,0,False,-792.0,792.0
155,765,12475.6042008309,13,10.0,868.0,3,0.9932770241104227,0,0,True,76.0,76.0
155,1249,2552.5301297558367,10,7.0,968.0,4,0.9861942610501239,0,0,True,38.0,38.0
155,1744,12779.529490948455,13,10.0,990.0,5,0.9762753083902107,0,0,True,76.0,76.0
155,2204,3443.268882588284,10,7.0,920.0,6,0.9738537093539272,0,0,True,38.0,38.0
155,2719,2551.8509633413405,11,8.0,1030.0,7,0.9685332763948791,0,0,True,38.0,38.0
155,3214,2813.2723921307647,10,7.0,990.0,8,0.9668491553853932,0,0,True,38.0,38.0
155,3707,13728.370519467364,14,11.0,986.0,9,0.9578217552425539,0,0,True,78.0,78.0
155,4187,2995.0603210687686,11,8.0,960.0,10,0.9664058286084535,0,0,True,38.0,38.0
155,4708,12067.403794264455,13,10.0,1042.0,11,0.9675616568854932,0,0,False,1080.0,1080.0
156,52,1820.2714111036414,31,28.0,0.0,1,0.4390850455333388,0,0,False,-1492.0,1492.0
156,292,19812.765443876076,23,20.0,480.0,2,0.9996656326826443,0,0,False,-1012.0,1012.0
156,837,20516.976126349622,13,10.0,1090.0,3,0.9922586149214896,0,0,True,78.0,78.0
156,1370,18605.873247187432,14,11.0,1066.0,4,0.9854174487649027,0,0,True,80.0,80.0
156,1871,20475.5076373017,13,10.0,1002.0,5,0.9823161188798399,0,0,True,78.0,78.0
156,2409,4401.727871423511,10,7.0,1076.0,6,0.9835602060125785,0,0,True,40.0,40.0
156,2928,3977.915039381621,10,7.0,1038.0,7,0.981385048382096,0,0,True,40.0,40.0
156,3420,4305.7224410913195,10,7.0,984.0,8,0.9774269239361822,0,0,True,40.0,40.0
156,3991,4372.439938066936,10,7.0,1142.0,9,0.9765924760724556,0,0,True,40.0,40.0
156,4527,3891.48469243833,10,7.0,1072.0,10,0.9766952724337691,0,0,False,1112.0,1112.0
157,51,2924.171506453839,32,29.0,0.0,1,0.4393114895774276,0,0,False,-1744.0,1744.0
157,390,93.81168244610566,16,13.0,678.0,2,0.9950079190091013,0,0,False,-1066.0,1066.0
157,652,179.98361838438308,75,72.0,524.0,3,0.9927060739681067,0,0,False,-542.0,542.0
157,973,22747.791677045094,24,21.0,642.0,4,0.9800842667251966,0,0,True,100.0,100.0
157,1512,19965.976245769816,13,10.0,1078.0,5,0.9903550435426821,0,0,True,76.0,76.0
157,2045,20854.378022981946,13,10.0,1066.0,6,0.9887180149401378,0,0,True,76.0,76.0
157,2622,21678.340484270193,24,21.0,1154.0,7,0.9889977118774009,0,0,True,100.0,100.0
157,3147,19759.378786205434,13,10.0,1050.0,8,0.9898803626670896,0,0,True,76.0,76.0
157,3702,20457.37340127575,13,10.0,1110.0,9,0.9908481857963499,0,0,True,76.0,76.0
157,4279,22363.986966313845,24,21.0,1154.0,10,0.9908240122126765,0,0,True,102.0,102.0
157,4803,22061.322036101985,24,21.0,1048.0,11,0.9913045585047162,0,0,False,1150.0,1150.0
158,54,1916.107013204215,29,26.0,0.0,1,0.4386655579416643,0,0,False,-1256.0,1256.0
158,310,63.134120135356696,35,32.0,512.0,2,0.9945023248172208,0,0,False,-744.0,744.0
158,639,76.12662285878555,15,12.0,658.0,3,0.9733615645282104,0,0,True,-86.0,86.0
158,1247,18820.96157063838,21,18.0,1216.0,4,0.9922866227576502,0,0,True,90.0,90.0
158,1741,5069.881647215763,9,6.0,988.0,5,0.9947270536156089,0,0,True,36.0,36.0
158,2268,19282.796206589024,21,18.0,1054.0,6,0.9948609942195847,0,0,True,90.0,90.0
158,2682,5348.941810115422,9,6.0,828.0,7,0.995858557117962,0,0,True,38.0,38.0
158,3102,20144.564334242656,15,12.0,840.0,8,0.9947134894202974,0,0,True,78.0,78.0
158,3503,20423.629411988382,21,18.0,802.0,9,0.9948675617912774,0,0,True,88.0,88.0
158,3940,19648.196664053314,15,12.0,874.0,10,0.9957021952215298,0,0,True,78.0,78.0
158,4495,19038.880008159416,21,18.0,1110.0,11,0.9974625209406561,0,0,False,1188.0,1188.0
159,52,103.37840553483034,31,28.0,0.0,1,0.4390850455333388,0,0,False,-1276.0,1276.0
159,305,24948.203539588365,23,20.0,506.0,2,0.9980756201192812,0,0,False,-770.0,770.0
159,730,23944.20835208798,14,11.0,850.0,3,0.9960454259148697,0,0,True,80.0,80.0
159,1181,25755.922403842218,23,20.0,902.0,4,0.9895616895883967,0,0,True,98.0,98.0
159,1641,25735.98836791352,23,20.0,920.0,5,0.9888631313907383,0,0,True,98.0,98.0
159,2088,25347.95084601285,23,20.0,894.0,6,0.9762878344012818,0,0,True,98.0,98.0
159,2520,25010.15031322774,24,21.0,864.0,7,0.9719949079263087,0,0,True,98.0,98.0
159,2970,25299.962312793963,23,20.0,900.0,8,0.9706758488764655,0,0,True,98.0,98.0
159,3402,6315.34433709225,9,6.0,864.0,9,0.9703833035879665,0,0,True,40.0,40.0
159,3853,6277.063782352073,9,6.0,902.0,10,0.9686695057962754,0,0,True,40.0,40.0
159,4316,24462.206240778694,23,20.0,926.0,11,0.9662564135817739,0,0,True,98.0,98.0
159,4748,25025.095639124323,14,11.0,864.0,12,0.9676758326760442,0,0,False,962.0,962.0
160,52,134.90731803707098,29,26.0,0.0,1,0.4390850455333388,0,0,False,-1864.0,1864.0
160,310,344.0695553988783,36,33.0,516.0,2,0.9961174923002772,0,0,False,-1348.0,1348.0
160,561,483.8794881446427,74,71.0,502.0,3,0.999234971771228,0,0,False,-846.0,846.0
160,956,175.98149409267103,16,13.0,790.0,4,0.9973962225922853,0,0,True,-56.0,56.0
160,1220,501.492445338621,73,70.0,528.0,5,0.9989025343387204,0,0,False,472.0,472.0
160,1653,251.81526440428894,15,12.0,866.0,6,0.9982770870843234,0,0,True,-68.0,68.0
160,1923,453.4854063606793,73,70.0,540.0,7,0.9962048439074486,0,0,False,472.0,472.0
160,2338,333.1805405600218,15,12.0,830.0,8,0.9928897584877335,0,0,True,-72.0,72.0
160,2610,455.3126793882466,74,71.0,544.0,9,0.9902850900084912,0,0,False,472.0,472.0
160,2982,184.4915109487211,16,13.0,744.0,10,0.9918919182562518,0,0,True,-62.0,62.0
160,3248,509.4476908075594,72,69.0,532.0,11,0.9935564429389878,0,0,False,470.0,470.0
160,3670,200.7944262981756,16,13.0,844.0,12,0.9946246066730351,0,0,True,-66.0,66.0
160,3940,464.0088567032468,73,70.0,540.0,13,0.9938719421754166,0,0,False,474.0,474.0
160,4420,5816.43808796748,10,7.0,960.0,14,0.9823054154838242,0,0,False,1434.0,1434.0
161,52,3177.5796673405166,28,25.0,0.0,1,0.4390850455333388,0,0,False,-1710.0,1710.0
161,425,121.22122910544897,14,11.0,746.0,2,0.9939598917490781,0,0,False,-964.0,964.0
161,883,157.46342021614987,13,10.0,916.0,3,0.9876714735831786,0,0,True,-48.0,48.0
161,1332,137.754148630595,15,12.0,898.0,4,0.9874153507552994,0,0,True,-44.0,44.0
161,1814,129.7558249382771,16,13.0,964.0,5,0.9870987477962729,0,0,True,-42.0,42.0
161,2306,106.43481090847472,16,13.0,984.0,6,0.9844783348830773,0,0,True,-40.0,40.0
161,2766,126.23479240246711,19,16.0,920.0,7,0.9826807850953317,0,0,True,-40.0,40.0
161,3193,103.99941442649961,15,12.0,854.0,8,0.9830999139022909,0,0,True,-50.0,50.0
161,3433,134.53636506312247,68,65.0,480.0,9,0.9838305843817912,0,0,False,430.0,430.0
161,3698,12976.471674577044,16,13.0,530.0,10,0.9800307784345857,0,0,True,84.0,84.0
161,4206,13312.43906458652,17,14.0,1016.0,11,0.9884737100604915,0,0,True,84.0,84.0
161,4704,13429.217741556251,17,14.0,996.0,12,0.9819682084154204,0,0,False,1080.0,1080.0
162,51,481.0553283958396,28,25.0,0.0,1,0.4393114895774276,0,0,False,-1082.0,1082.0
162,329,2508.011925472839,21,18.0,556.0,2,0.9999996086504891,0,0,False,-526.0,526.0
162,611,4528.397195800213,9,6.0,564.0,3,0.9940718912695117,0,0,True,38.0,38.0
162,1042,4422.787750713266,9,6.0,862.0,4,0.9835387691712189,0,0,True,40.0,40.0
162,1463,4206.360239962774,9,6.0,842.0,5,0.9726021195460761,0,0,True,40.0,40.0
162,1882,21991.906493987735,13,10.0,838.0,6,0.9615758171728258,0,0,True,80.0,80.0
162,2244,4401.72648984586,10,7.0,724.0,7,0.9621093203733297,0,0,True,40.0,40.0
162,2663,4352.210621911108,9,6.0,838.0,8,0.9540136204983138,0,0,True,40.0,40.0
162,3101,4248.245962744733,9,6.0,876.0,9,0.9512895773135804,0,0,True,40.0,40.0
162,3577,24701.30847584059,13,10.0,952.0,10,0.9473870544026822,0,0,True,78.0,78.0
162,3999,4420.711168175579,9,6.0,844.0,11,0.9569485407186057,0,0,True,40.0,40.0
162,4424,4152.203503107044,9,6.0,850.0,12,0.9533444047583148,0,0,True,40.0,40.0
162,4857,21952.925688506653,13,10.0,866.0,13,0.94860459065084,0,0,False,906.0,906.0
163,52,1329.4728136723104,30,27.0,0.0,1,0.4390850455333388,0,0,False,-1452.0,1452.0
163,327,79.05189996194261,13,10.0,550.0,2,0.9901802125531707,0,0,False,-902.0,902.0
163,753,456.16547703943087,14,11.0,852.0,3,0.9962513066271099,0,0,True,-50.0,50.0
163,1159,502.80904922273794,14,11.0,812.0,4,0.9941587966541223,0,0,True,-50.0,50.0
163,1639,24012.35093464623,16,13.0,960.0,5,0.9851435932052088,0,0,True,82.0,82.0
163,2058,23435.482821595153,16,13.0,838.0,6,0.9883363460738541,0,0,True,80.0,80.0
163,2462,23570.478337109096,16,13.0,808.0,7,0.9899963186321326,0,0,True,82.0,82.0
163,2830,28030.99709189888,16,13.0,736.0,8,0.9861202232148538,0,0,True,82.0,82.0
163,3221,6810.859954268162,10,7.0,782.0,9,0.9887659190842373,0,0,True,38.0,38.0
163,3639,25100.21416484594,15,12.0,836.0,10,0.9868656811656773,0,0,True,80.0,80.0
163,4036,25179.763511660596,16,13.0,794.0,11,0.9878011685286959,0,0,True,82.0,82.0
163,4405,25145.757604816572,15,12.0,738.0,12,0.9870048175856174,0,0,True,80.0,80.0
163,4841,27160.448389619036,15,12.0,872.0,13,0.9884608656437983,0,0,False,952.0,952.0
164,58,292.0032926026173,22,19.0,0.0,1,0.4379452951249617,0,0,False,-1002.0,1002.0
164,304,600.2509924568043,68,65.0,492.0,2,0.9999961215870289,0,0,False,-510.0,510.0
164,574,272.8506849046829,10,7.0,540.0,3,0.9891461308664055,0,0,True,30.0,30.0
164,972,162.9385782239321,14,11.0,796.0,4,0.9868052277594304,0,0,True,-86.0,86.0
164,1239,455.1989009453604,71,68.0,534.0,5,0.9948960370258407,0,0,False,-446.0,446.0
164,1493,7464.7530461556835,9,6.0,508.0,6,0.9943746827806983,0,0,True,62.0,62.0
164,1959,6933.174368228075,9,6.0,932.0,7,0.974876154165625,0,0,True,64.0,64.0
164,2436,13915.638777173855,18,15.0,954.0,8,0.9622442386882711,0,0,True,102.0,102.0
164,2874,7008.211368295766,10,7.0,876.0,9,0.9658661151471132,0,0,True,64.0,64.0
164,3312,6854.310324092852,9,6.0,876.0,10,0.9631815064604979,0,0,True,64.0,64.0
164,3778,14577.582416231953,24,21.0,932.0,11,0.958308605770237,0,0,True,102.0,102.0
164,4243,14185.600224926751,22,19.0,930.0,12,0.9642272287066779,0,0,True,102.0,102.0
164,4705,14958.432406359969,19,16.0,924.0,13,0.9595059739979821,0,0,False,1026.0,1026.0
165,52,1059.0453618894862,31,28.0,0.0,1,0.4390850455333388,0,0,False,-1588.0,1588.0
165,396,64.75489035537868,22,19.0,688.0,2,0.9730212933808676,0,0,False,-900.0,900.0
165,649,33.0347555620779,117,114.0,506.0,3,0.9742594907884632,0,0,False,-394.0,394.0
165,908,11466.209942707623,39,36.0,518.0,4,0.9874225691627767,0,0,True,124.0,124.0
165,1320,14904.379671601147,17,14.0,824.0,5,0.9919533455888049,0,0,True,84.0,84.0
165,1727,4371.79216690927,10,7.0,814.0,6,0.9913685184882073,0,0,True,42.0,42.0
165,2162,4273.399267987985,9,6.0,870.0,7,0.9895301322616135,0,0,True,42.0,42.0
165,2606,14126.395943325671,17,14.0,888.0,8,0.9883423404500828,0,0,True,84.0,84.0
165,2998,4174.927468760706,9,6.0,784.0,9,0.9894254607068094,0,0,True,40.0,40.0
165,3438,14975.871260084052,16,13.0,880.0,10,0.9878374477094236,0,0,True,84.0,84.0
165,3834,4189.561900756326,10,7.0,792.0,11,0.9880480367788866,0,0,True,42.0,42.0
165,4277,14945.981778183594,16,13.0,886.0,12,0.9873073586453361,0,0,True,84.0,84.0
165,4681,4514.378930289365,9,6.0,808.0,13,0.9888492999653775,0,0,False,892.0,892.0
166,50,415.5032928352504,22,19.0,0.0,1,0.43954985172910005,0,0,False,-1592.0,1592.0
166,355,60.825278433932496,16,13.0,610.0,2,0.9936961032287189,0,0,False,-982.0,982.0
166,866,7720.255318653151,10,7.0,1022.0,3,0.9935123048805363,0,0,True,40.0,40.0
166,1361,34661.77717229803,14,11.0,990.0,4,0.9884906216061566,0,0,True,82.0,82.0
166,1790,7640.664028836518,10,7.0,858.0,5,0.9878336921859626,0,0,True,40.0,40.0
166,2278,7916.375306355343,10,7.0,976.0,6,0.9860655693937423,0,0,True,40.0,40.0
166,2756,33758.164824026644,15,12.0,956.0,7,0.9848932667291657,0,0,True,84.0,84.0
166,3205,7601.293141647853,9,6.0,898.0,8,0.9873317340659641,0,0,True,40.0,40.0
166,3701,7747.676787936903,9,6.0,992.0,9,0.9872213815981091,0,0,True,40.0,40.0
166,4176,34305.942870611245,15,12.0,950.0,10,0.9865146304293695,0,0,True,84.0,84.0
166,4665,34197.18850073695,15,12.0,978.0,11,0.9892757214124189,0,0,False,1062.0,1062.0
167,52,1350.9334865488588,31,28.0,0.0,1,0.4390850455333388,0,0,False,-1278.0,1278.0
167,296,26701.162530534122,15,12.0,488.0,2,0.9966856850426935,0,0,False,-790.0,790.0
167,711,7091.683120571701,10,7.0,830.0,3,0.9933305652601075,0,0,True,40.0,40.0
167,1109,7049.96529813512,10,7.0,796.0,4,0.9884304676428394,0,0,True,38.0,38.0
167,1572,7174.76480343853,10,7.0,926.0,5,0.9851224688219424,0,0,True,40.0,40.0
167,2029,7006.750548921647,10,7.0,914.0,6,0.9846359185021901,0,0,True,38.0,38.0
167,2463,7261.032038075196,10,7.0,868.0,7,0.9709259977407712,0,0,True,40.0,40.0
167,2943,6942.540075340934,10,7.0,960.0,8,0.9711476277928288,0,0,True,38.0,38.0
167,3372,7152.010367076175,10,7.0,858.0,9,0.9632329153347244,0,0,True,40.0,40.0
167,3824,7148.2656913211395,9,6.0,904.0,10,0.9576017994354493,0,0,True,38.0,38.0
167,4307,6902.449878708352,9,6.0,966.0,11,0.9585966628377267,0,0,True,38.0,38.0
167,4742,7119.997751826627,10,7.0,870.0,12,0.9557121936387224,0,0,False,908.0,908.0
168,52,2093.226229223763,29,26.0,0.0,1,0.4390850455333388,0,0,False,-1544.0,1544.0
168,295,192.1284688666703,16,13.0,486.0,2,0.9923658672943731,0,0,False,-1058.0,1058.0
168,542,958.9228206691314,69,66.0,494.0,3,0.9965072482044824,0,0,False,-564.0,564.0
168,808,163.42885015884943,19,16.0,532.0,4,0.9959675269329078,0,0,True,-32.0,32.0
168,1054,891.9166781723263,71,68.0,492.0,5,0.9930863911684708,0,0,False,460.0,460.0
168,1322,173.50347779144778,17,14.0,536.0,6,0.9910998547352432,0,0,True,-38.0,38.0
168,1571,867.0569374723152,69,66.0,498.0,7,0.9840517830382028,0,0,False,460.0,460.0
168,1868,18146.31437160729,25,22.0,594.0,8,0.975051498023765,0,0,True,102.0,102.0
168,2319,3679.953476093478,9,6.0,902.0,9,0.9896133241048811,0,0,True,38.0,38.0
168,2784,3519.807238449768,10,7.0,930.0,10,0.9829939729396728,0,0,True,40.0,40.0
168,3191,702.9279199067524,34,31.0,814.0,11,0.9761008895072569,0,0,True,-2.0,2.0
168,3694,645.9570507538622,13,10.0,1006.0,12,0.9781152108424289,0,0,True,-44.0,44.0
168,3946,853.2874408235244,69,66.0,504.0,13,0.9759883737161711,0,0,False,460.0,460.0
168,4203,680.0765807370228,14,11.0,514.0,14,0.9787625110797339,0,0,True,-42.0,42.0
168,4454,899.7715368649315,70,67.0,502.0,15,0.9775047763973247,0,0,False,460.0,460.0
168,4748,788.5528293347224,14,11.0,588.0,16,0.9792318009283577,0,0,False,1048.0,1048.0
168,4999,917.4645939818085,69,66.0,502.0,17,0.979069625732672,0,0,False,1550.0,1550.0
169,52,2747.4241718123194,17,14.0,0.0,1,0.4390850455333388,0,0,False,-1794.0,1794.0
169,342,85.78046885812526,12,9.0,580.0,2,0.9911211947041639,0,0,False,-1214.0,1214.0
169,594,2258.420951752015,16,13.0,504.0,3,0.9995927073275522,0,0,False,-710.0,710.0
169,990,35312.51755339083,15,12.0,792.0,4,0.993751732201117,0,0,True,82.0,82.0
169,1546,35678.001816908385,15,12.0,1112.0,5,0.9910625354674549,0,0,True,82.0,82.0
169,2086,8154.292609257311,10,7.0,1080.0,6,0.9908057238145287,0,0,True,38.0,38.0
169,2656,34762.44552512751,15,12.0,1140.0,7,0.9879732892055534,0,0,True,82.0,82.0
169,3220,35105.90777111259,16,13.0,1128.0,8,0.9802123801418859,0,0,True,84.0,84.0
169,3760,8174.366267804457,10,7.0,1080.0,9,0.9787378638992428,0,0,True,40.0,40.0
169,4328,36750.7210410534,15,12.0,1136.0,10,0.9732156660785913,0,0,True,82.0,82.0
169,4881,36580.39447250309,15,12.0,1106.0,11,0.9738147627762378,0,0,False,1188.0,1188.0
170,50,114.7352945728394,23,20.0,0.0,1,0.43954985172910005,0,0,False,-1234.0,1234.0
170,298,284.85840307455345,77,74.0,496.0,2,0.999995117745691,0,0,False,-738.0,738.0
170,601,36.89060845323798,13,10.0,606.0,3,0.9964818488848771,0,0,True,-132.0,132.0
170,856,793.1572411771265,22,19.0,510.0,4,0.999934105308522,0,0,False,378.0,378.0
170,1258,8786.582679085186,10,7.0,804.0,5,0.996046110251089,0,0,True,38.0,38.0
170,1830,38371.48381234638,15,12.0,1144.0,6,0.9905833332621573,0,0,True,78.0,78.0
170,2428,36726.161104595,15,12.0,1196.0,7,0.9909977582589183,0,0,True,82.0,82.0
170,3011,37361.75649465724,15,12.0,1166.0,8,0.9910176423414417,0,0,True,80.0,80.0
170,3577,9066.543890443927,10,7.0,1132.0,9,0.9926503141724231,0,0,True,38.0,38.0
170,4144,8809.157003070222,10,7.0,1134.0,10,0.9916375452412657,0,0,True,38.0,38.0
170,4728,38116.14671573548,16,13.0,1168.0,11,0.9911359099434522,0,0,False,1206.0,1206.0
171,51,1839.5485607600979,29,26.0,0.0,1,0.4393114895774276,0,0,False,-1380.0,1380.0
171,330,24612.627369427,14,11.0,558.0,2,0.9824903696725819,0,0,False,-822.0,822.0
171,790,25457.645338989663,22,19.0,920.0,3,0.997326648549774,0,0,True,98.0,98.0
171,1239,24949.31177119188,23,20.0,898.0,4,0.9929211453229254,0,0,True,98.0,98.0
171,1676,22827.485642312793,14,11.0,874.0,5,0.9917002690310082,0,0,True,82.0,82.0
171,2088,5723.64365593613,9,6.0,824.0,6,0.9817493909191228,0,0,True,42.0,42.0
171,2561,25490.898936378675,14,11.0,946.0,7,0.9729079391933659,0,0,True,82.0,82.0
171,3030,24538.379546545613,22,19.0,938.0,8,0.9719076630297022,0,0,True,96.0,96.0
171,3473,22543.79113407573,14,11.0,886.0,9,0.971436484386875,0,0,True,82.0,82.0
171,3914,23597.116791644836,22,19.0,882.0,10,0.9729278919358919,0,0,True,98.0,98.0
171,4354,25235.416369680956,22,19.0,880.0,11,0.973654413034008,0,0,True,98.0,98.0
171,4801,25072.984787229703,14,11.0,894.0,12,0.9732990941018794,0,0,False,992.0,992.0
172,51,16.40727689055686,32,29.0,0.0,1,0.4393114895774276,0,0,False,-1386.0,1386.0
172,330,142.06465413215147,16,13.0,558.0,2,0.9999995749270358,0,0,False,-828.0,828.0
172,787,27967.5295639596,17,14.0,914.0,3,0.9907768328181256,0,0,True,86.0,86.0
172,1353,27523.48030248987,17,14.0,1132.0,4,0.9869236320898325,0,0,True,86.0,86.0
172,1914,25842.756866307343,16,13.0,1122.0,5,0.9854859449463921,0,0,True,84.0,84.0
172,2481,26735.22591125455,17,14.0,1134.0,6,0.9794657896603168,0,0,True,86.0,86.0
172,3056,26935.639742097217,17,14.0,1150.0,7,0.9745519380988014,0,0,True,84.0,84.0
172,3642,26595.962286760907,17,14.0,1172.0,8,0.9751751268600014,0,0,True,86.0,86.0
172,4214,26956.563640326283,17,14.0,1144.0,9,0.9753217542334484,0,0,True,82.0,82.0
172,4795,27623.824492946915,17,14.0,1162.0,10,0.97860098455998,0,0,False,1244.0,1244.0
173,51,38.819128262572804,19,16.0,0.0,1,0.4393114895774276,0,0,False,-840.0,840.0
173,315,30.708464683257564,101,98.0,528.0,2,0.999994294841022,0,0,False,-312.0,312.0
173,556,2616.576661887496,77,74.0,482.0,3,0.9999997916270894,0,0,False,170.0,170.0
173,877,23365.520744641744,16,13.0,642.0,4,0.9982206284128976,0,0,True,84.0,84.0
173,1135,21817.35736851073,16,13.0,516.0,5,0.993912057323282,0,0,True,86.0,86.0
173,1521,18848.40089018403,16,13.0,772.0,6,0.992878315651184,0,0,True,84.0,84.0
173,1989,21406.435400182836,17,14.0,936.0,7,0.9935341143732992,0,0,True,84.0,84.0
173,2372,22069.13828630874,17,14.0,766.0,8,0.9937693614154692,0,0,True,86.0,86.0
173,2731,22129.403394112276,16,13.0,718.0,9,0.9939991501504507,0,0,True,84.0,84.0
173,3263,20572.6109984343,16,13.0,1064.0,10,0.9868163890574679,0,0,True,84.0,84.0
173,3539,21388.668950293617,16,13.0,552.0,11,0.98867964640917,0,0,True,84.0,84.0
173,4000,5322.3664975708725,10,7.0,922.0,12,0.9920048562119462,0,0,True,40.0,40.0
173,4534,5766.5958119875,10,7.0,1068.0,13,0.993632846912751,0,0,True,42.0,42.0
173,4775,33640.06294020387,16,13.0,482.0,14,0.9920303240889216,0,0,False,524.0,524.0
174,53,464.8425795263577,26,23.0,0.0,1,0.43886992369145444,0,0,False,-986.0,986.0
174,508,103.55630271049806,15,12.0,910.0,2,0.9977614224823625,0,0,True,-76.0,76.0
174,767,243.82447381924234,80,77.0,518.0,3,0.9985334963529943,0,0,False,442.0,442.0
174,1014,92.78684872368282,14,11.0,494.0,4,0.9976799546559423,0,0,True,-76.0,76.0
174,1273,245.33660338493004,75,72.0,518.0,5,0.9981520776113998,0,0,False,442.0,442.0
174,1542,569.2538769762444,15,12.0,538.0,6,0.9976650806107441,0,0,True,-24.0,24.0
174,1997,122.9541161448188,14,11.0,910.0,7,0.9973041271256722,0,0,True,-74.0,74.0
174,2256,226.6407743786413,78,75.0,518.0,8,0.9974998280387298,0,0,False,444.0,444.0
174,2496,670.2665642372058,14,11.0,480.0,9,0.9972567638493108,0,0,True,-26.0,26.0
174,2999,625.3809393202223,15,12.0,1006.0,10,0.9920520431483743,0,0,True,-24.0,24.0
174,3522,515.8048847699054,14,11.0,1046.0,11,0.9761475711825113,0,0,True,-26.0,26.0
174,4030,569.2979285391588,13,10.0,1016.0,12,0.9767791591063661,0,0,True,-26.0,26.0
174,4521,670.3224509598379,14,11.0,982.0,13,0.972487800916759,0,0,False,956.0,956.0
175,51,0.5571776611170205,28,25.0,0.0,1,0.4393114895774276,0,0,False,-1268.0,1268.0
175,301,28235.062095429057,37,34.0,500.0,2,0.9999888709647661,0,0,False,-768.0,768.0
175,705,8217.581384086567,10,7.0,808.0,3,0.9885805997166004,0,0,True,40.0,40.0
175,1162,8776.823156195875,10,7.0,914.0,4,0.9787732318089489,0,0,True,40.0,40.0
175,1693,34256.58918807693,15,12.0,1062.0,5,0.9728879742258254,0,0,True,80.0,80.0
175,2157,8551.564967241256,10,7.0,928.0,6,0.9781441710337407,0,0,True,38.0,38.0
175,2606,30567.208273145417,15,12.0,898.0,7,0.9746201079337986,0,0,True,82.0,82.0
175,2965,7782.045621892069,10,7.0,718.0,8,0.9725015662810321,0,0,True,38.0,38.0
175,3371,8169.69424904247,10,7.0,812.0,9,0.9621764041539907,0,0,True,38.0,38.0
175,3830,8749.665330947646,10,7.0,918.0,10,0.9549965376070747,0,0,True,38.0,38.0
175,4349,34940.486034799855,16,13.0,1038.0,11,0.9513606465111544,0,0,True,82.0,82.0
175,4794,31639.36452165168,16,13.0,890.0,12,0.9545316821848833,0,0,False,972.0,972.0
176,51,734.6747459016053,30,27.0,0.0,1,0.4393114895774276,0,0,False,-1348.0,1348.0
176,308,26171.09301701537,34,31.0,514.0,2,0.9999987405985729,0,0,False,-834.0,834.0
176,681,1195.274039733373,13,10.0,746.0,3,0.9921513071755982,0,0,True,-88.0,88.0
176,1227,2545.6761202368984,12,9.0,1092.0,4,0.9719408570130784,0,0,True,34.0,34.0
176,1645,1470.5554176516328,13,10.0,836.0,5,0.9696401149940324,0,0,True,-90.0,90.0
176,2176,3668.272872280152,11,8.0,1062.0,6,0.9610201226889188,0,0,True,36.0,36.0
176,2641,3245.5699724939323,12,9.0,930.0,7,0.9494810434163347,0,0,True,36.0,36.0
176,3118,2709.414283882502,12,9.0,954.0,8,0.9431044004608867,0,0,True,36.0,36.0
176,3602,2964.179498640112,12,9.0,968.0,9,0.9387204410041425,0,0,True,36.0,36.0
176,4077,3670.7413360533,11,8.0,950.0,10,0.9372097988398996,0,0,True,34.0,34.0
176,4556,3530.240584739526,11,8.0,958.0,11,0.9270247542463352,0,0,False,992.0,992.0
177,71,37.85489324888177,34,31.0,0.0,1,0.4364061487360335,0,0,False,-932.0,932.0
177,313,564.2273465016403,34,31.0,484.0,2,0.9999976428234874,0,0,False,-448.0,448.0
177,577,32558.466688321623,15,12.0,528.0,3,0.9986585915942914,0,0,True,80.0,80.0
177,981,32149.919047044677,15,12.0,808.0,4,0.9935411841985158,0,0,True,82.0,82.0
177,1386,31811.131193438225,16,13.0,810.0,5,0.9913162144811308,0,0,True,82.0,82.0
177,1790,31893.18032361275,15,12.0,808.0,6,0.9903808344928894,0,0,True,82.0,82.0
177,2174,32524.73496435738,16,13.0,768.0,7,0.9903449555900177,0,0,True,82.0,82.0
177,2551,33227.71820035728,16,13.0,754.0,8,0.9901006671601226,0,0,True,82.0,82.0
177,2931,8601.379019276446,9,6.0,760.0,9,0.99078741298078,0,0,True,40.0,40.0
177,3359,31777.367935434326,16,13.0,856.0,10,0.9898178702379706,0,0,True,82.0,82.0
177,3764,32179.20855599053,16,13.0,810.0,11,0.9901124231065186,0,0,True,82.0,82.0
177,4146,32528.692716253463,16,13.0,764.0,12,0.9902754061503358,0,0,True,82.0,82.0
177,4520,33527.41652874315,16,13.0,748.0,13,0.9899303793611336,0,0,True,82.0,82.0
177,4894,8545.99329593691,9,6.0,748.0,14,0.990567127157115,0,0,False,830.0,830.0
178,76,2120.4002764881693,18,15.0,0.0,1,0.4360388730301671,0,0,False,-1036.0,1036.0
178,330,23940.03145791294,37,34.0,508.0,2,0.9991084996285133,0,0,False,-528.0,528.0
178,636,29431.993707348087,16,13.0,612.0,3,0.9873946295030227,0,0,True,84.0,84.0
178,934,9171.193322250045,10,7.0,596.0,4,0.9753600476601113,0,0,True,44.0,44.0
178,1269,29884.228069830242,14,11.0,670.0,5,0.9564155607669189,0,0,True,82.0,82.0
178,1594,28343.60251056659,22,19.0,650.0,6,0.9496309805541713,0,0,True,98.0,98.0
178,1922,32464.63508336416,21,18.0,656.0,7,0.9502876549867791,0,0,True,94.0,94.0
178,2273,32090.09387174205,15,12.0,702.0,8,0.95346733355675,0,0,True,84.0,84.0
178,2668,30998.4279419014,16,13.0,790.0,9,0.9557244098816684,0,0,True,86.0,86.0
178,3083,30512.790789062983,15,12.0,830.0,10,0.9612142122559172,0,0,True,82.0,82.0
178,3488,30765.24934259605,15,12.0,810.0,11,0.9616887123638194,0,0,True,82.0,82.0
178,3873,32818.22774515583,15,12.0,770.0,12,0.9628124300794907,0,0,True,80.0,80.0
178,4237,9790.219875678195,10,7.0,728.0,13,0.9630354630141141,0,0,True,40.0,40.0
178,4636,30851.583201233683,15,12.0,798.0,14,0.9618600903915305,0,0,True,82.0,82.0
179,51,706.7894682850567,31,28.0,0.0,1,0.4393114895774276,0,0,False,-1690.0,1690.0
179,358,30.05201561392061,15,12.0,614.0,2,0.9876374040091168,0,0,False,-1076.0,1076.0
179,916,4360.786440331982,10,7.0,1116.0,3,0.993732182232663,0,0,True,40.0,40.0
179,1413,21158.056626783997,17,14.0,994.0,4,0.991355416063379,0,0,True,86.0,86.0
179,1868,4563.072767691505,10,7.0,910.0,5,0.9923367715391245,0,0,True,38.0,38.0
179,2371,18742.175923171188,16,13.0,1006.0,6,0.9907916197198807,0,0,True,84.0,84.0
179,2815,4704.075141023545,11,8.0,888.0,7,0.9916349785096287,0,0,True,40.0,40.0
179,3268,5322.152214990196,11,8.0,906.0,8,0.9901441763754332,0,0,True,40.0,40.0
179,3730,5100.8124529385595,11,8.0,924.0,9,0.9894381865200713,0,0,True,40.0,40.0
179,4201,4601.3742544454435,10,7.0,942.0,10,0.9903993006587226,0,0,True,38.0,38.0
179,4698,18457.922698571267,16,13.0,994.0,11,0.9912369073849502,0,0,False,1032.0,1032.0
180,46,8.632673230715474,26,23.0,0.0,1,0.44063553251722876,0,0,False,-1216.0,1216.0
180,301,37424.33874936479,37,34.0,510.0,2,0.9999981572151624,0,0,False,-706.0,706.0
180,673,10371.415764414163,10,7.0,744.0,3,0.9964140717379646,0,0,True,38.0,38.0
180,1083,9645.58249707375,11,8.0,820.0,4,0.9937192699412816,0,0,True,40.0,40.0
180,1499,39929.63499640378,15,12.0,832.0,5,0.9917343739189861,0,0,True,84.0,84.0
180,1901,43534.459987773786,15,12.0,804.0,6,0.9919982173764506,0,0,True,84.0,84.0
180,2291,10917.96162869913,11,8.0,780.0,7,0.9925272643086576,0,0,True,38.0,38.0
180,2727,44140.199300690285,15,12.0,872.0,8,0.9923953487714089,0,0,True,82.0,82.0
180,3140,10200.645293691307,11,8.0,826.0,9,0.9940634245941463,0,0,True,40.0,40.0
180,3574,37602.687034488416,15,12.0,868.0,10,0.9939710260524238,0,0,True,86.0,86.0
180,3958,9070.788428539168,11,8.0,768.0,11,0.9944084597855702,0,0,True,40.0,40.0
180,4349,9540.874419536685,11,8.0,782.0,12,0.9939690144298293,0,0,True,40.0,40.0
180,4741,10506.336877003872,11,8.0,784.0,13,0.9932528078936481,0,0,False,824.0,824.0
181,55,71.76706239118907,22,19.0,0.0,1,0.43847141047936367,0,0,False,-1702.0,1702.0
181,311,7.057412463163348,120,118.0,512.0,2,0.9999960863140815,0,0,False,-1190.0,1190.0
181,585,18.74640343973772,17,14.0,548.0,3,0.9999999663814516,0,0,False,-642.0,642.0
181,945,32299.595578145654,15,12.0,720.0,4,0.9944077699513298,0,0,True,78.0,78.0
181,1401,6902.856223678052,10,7.0,912.0,5,0.991045163780441,0,0,True,38.0,38.0
181,1879,8150.145039309656,10,7.0,956.0,6,0.9875861526524372,0,0,True,38.0,38.0
181,2368,34678.41226156302,14,11.0,978.0,7,0.9845351295599205,0,0,True,80.0,80.0
181,2827,7428.6635500775155,10,7.0,918.0,8,0.987025571977135,0,0,True,38.0,38.0
181,3316,7182.114068145411,10,7.0,978.0,9,0.9871561313821591,0,0,True,38.0,38.0
181,3794,7635.3988677714515,10,7.0,956.0,10,0.9867069397240017,0,0,True,38.0,38.0
181,4290,35205.196016640955,14,11.0,992.0,11,0.9870815180516245,0,0,True,80.0,80.0
181,4766,32068.47276751928,15,12.0,952.0,12,0.9887068992487776,0,0,False,1032.0,1032.0
182,62,116.82085366782103,35,32.0,0.0,1,0.4373586365591149,0,0,False,-976.0,976.0
182,330,85.28425608116348,120,118.0,536.0,2,0.9999993484698375,0,0,False,-440.0,440.0
182,570,11090.039920908126,10,7.0,480.0,3,0.997684940386979,0,0,True,40.0,40.0
182,938,40771.52213627631,15,12.0,736.0,4,0.984497800811732,0,0,True,82.0,82.0
182,1287,40208.83517252977,15,12.0,698.0,5,0.9811508041989422,0,0,True,80.0,80.0
182,1609,10628.239967876545,10,7.0,644.0,6,0.9798089875542342,0,0,True,40.0,40.0
182,1966,43846.161061480765,15,12.0,714.0,7,0.9764042087326901,0,0,True,80.0,80.0
182,2314,41807.425651023914,15,12.0,696.0,8,0.9776171053208597,0,0,True,80.0,80.0
182,2670,39748.24685494417,15,12.0,712.0,9,0.9779407438893475,0,0,True,80.0,80.0
182,3010,10201.329843694843,10,7.0,680.0,10,0.9791231506620933,0,0,True,38.0,38.0
182,3361,10541.97570914071,10,7.0,702.0,11,0.9787086205166661,0,0,True,38.0,38.0
182,3727,43383.356743203636,15,12.0,732.0,12,0.9772568838843727,0,0,True,80.0,80.0
182,4072,39647.477639060424,15,12.0,690.0,13,0.9788409467529454,0,0,True,82.0,82.0
182,4411,40185.56288179383,14,11.0,678.0,14,0.9789279199663613,0,0,True,80.0,80.0
182,4726,10242.78456037587,10,7.0,630.0,15,0.980651844421866,0,0,False,710.0,710.0
183,52,849.5271618575371,30,27.0,0.0,1,0.4390850455333388,0,0,False,-1014.0,1014.0
183,309,37.055863850533186,22,19.0,514.0,2,0.9999988328385703,0,0,False,-500.0,500.0
183,599,6960.0441078692265,16,13.0,580.0,3,0.9878139894401894,0,0,True,80.0,80.0
183,990,7745.7235662263465,17,14.0,782.0,4,0.9779249775879567,0,0,True,82.0,82.0
183,1375,8660.101207913569,18,15.0,770.0,5,0.9738077398691459,0,0,True,84.0,84.0
183,1765,7852.904971589232,18,15.0,780.0,6,0.9723185327901392,0,0,True,84.0,84.0
183,2158,7133.114010180638,18,15.0,786.0,7,0.9733367661111165,0,0,True,84.0,84.0
183,2528,6933.511847727697,17,14.0,740.0,8,0.9725652798086528,0,0,True,82.0,82.0
183,2902,7971.621422265732,17,14.0,748.0,9,0.9724005546999063,0,0,True,82.0,82.0
183,3283,7746.081711006047,18,15.0,762.0,10,0.9739684955936917,0,0,True,84.0,84.0
183,3668,6876.139903740962,17,14.0,770.0,11,0.9756649535574553,0,0,True,82.0,82.0
183,4044,6078.335728644999,16,13.0,752.0,12,0.9763947361373359,0,0,True,80.0,80.0
183,4410,7441.441096383858,18,15.0,732.0,13,0.9761512412359072,0,0,True,84.0,84.0
183,4760,2566.969347348594,9,6.0,700.0,14,0.9773918964880142,0,0,False,784.0,784.0
184,49,149.88228649017287,29,26.0,0.0,1,0.43980075925717627,0,0,False,-1072.0,1072.0
184,299,77.38366779248392,16,13.0,500.0,2,0.9999984134261669,0,0,False,-572.0,572.0
184,624,30453.60084023081,14,11.0,650.0,3,0.9968778237980827,0,0,True,78.0,78.0
184,973,6570.374157292974,9,6.0,698.0,4,0.9820007007791989,0,0,True,40.0,40.0
184,1335,23698.609011355435,14,11.0,724.0,5,0.9688771990262306,0,0,True,78.0,78.0
184,1681,6241.2772467081495,9,6.0,692.0,6,0.9662584514401752,0,0,True,40.0,40.0
184,2256,29810.550851914955,15,12.0,1150.0,7,0.9694115667251235,0,0,True,80.0,80.0
184,2783,27169.475029297737,14,11.0,1054.0,8,0.9767925653153766,0,0,True,78.0,78.0
184,3220,25179.90078790827,15,12.0,874.0,9,0.9782469530543667,0,0,True,80.0,80.0
184,3606,6849.750889435736,9,6.0,772.0,10,0.9776812522064158,0,0,True,40.0,40.0
184,4123,31486.49502099903,14,11.0,1034.0,11,0.9758683260086138,0,0,True,78.0,78.0
184,4633,27379.589476299745,14,11.0,1020.0,12,0.9788075972335735,0,0,False,1098.0,1098.0
185,84,558.1051530693212,19,16.0,0.0,1,0.43561604012226884,0,0,False,-974.0,974.0
185,332,3839.830451915681,72,69.0,496.0,2,0.999998154878124,0,0,False,-478.0,478.0
185,590,4414.972130980315,9,6.0,516.0,3,0.9933083823801011,0,0,True,38.0,38.0
185,908,4681.938842523407,10,7.0,636.0,4,0.9797470229272498,0,0,True,40.0,40.0
185,1252,20582.994442965413,15,12.0,688.0,5,0.969676215230518,0,0,True,80.0,80.0
185,1557,4738.719385857695,9,6.0,610.0,6,0.9715454143912492,0,0,True,40.0,40.0
185,1909,19544.666231745614,15,12.0,704.0,7,0.9659383759517699,0,0,True,82.0,82.0
185,2234,19869.806970880883,15,12.0,650.0,8,0.9671896923569613,0,0,True,82.0,82.0
185,2539,5091.302888240662,9,6.0,610.0,9,0.9691382278990194,0,0,True,40.0,40.0
185,2862,4793.58067361529,9,6.0,646.0,10,0.9655872350854312,0,0,True,40.0,40.0
185,3191,4789.177219420932,10,7.0,658.0,11,0.9626818402480269,0,0,True,40.0,40.0
185,3522,4872.99598882656,9,6.0,662.0,12,0.9605715747733936,0,0,True,40.0,40.0
185,3853,5030.71768622143,10,7.0,662.0,13,0.9588486720921141,0,0,True,40.0,40.0
185,4200,20703.27871608134,15,12.0,694.0,14,0.9577134722346101,0,0,True,82.0,82.0
185,4509,5185.827075343788,9,6.0,618.0,15,0.962718746746476,0,0,True,40.0,40.0
185,4848,5109.433108542698,9,6.0,678.0,16,0.9608848312150378,0,0,False,718.0,718.0
186,54,78.42896161520267,13,10.0,0.0,1,0.4386655579416643,0,0,False,-1056.0,1056.0
186,302,169.38369079765198,120,118.0,496.0,2,0.9999981786623581,0,0,False,-560.0,560.0
186,602,6174.717938802614,10,7.0,600.0,3,0.9884298397298107,0,0,True,40.0,40.0
186,1001,5213.1179094547715,9,6.0,798.0,4,0.9664072276615321,0,0,True,38.0,38.0
186,1407,22793.8364831796,15,12.0,812.0,5,0.9453784816012087,0,0,True,80.0,80.0
186,1810,24861.04216628224,16,13.0,806.0,6,0.9438846451512598,0,0,True,82.0,82.0
186,2207,6236.591771435153,9,6.0,794.0,7,0.9533250742620442,0,0,True,38.0,38.0
186,2615,6438.866587095856,9,6.0,816.0,8,0.9475057184297511,0,0,True,40.0,40.0
186,3041,22873.765651952675,16,13.0,852.0,9,0.9429232632550056,0,0,True,82.0,82.0
186,3425,24100.143184414825,15,12.0,768.0,10,0.9427305500912847,0,0,True,78.0,78.0
186,3775,6269.224700420533,9,6.0,700.0,11,0.9463898489711124,0,0,True,40.0,40.0
186,4172,25217.548487168886,15,12.0,794.0,12,0.9384621710945767,0,0,True,80.0,80.0
186,4584,28156.50045043204,16,13.0,824.0,13,0.94474018926891,0,0,True,82.0,82.0
187,53,643.8528486024427,22,19.0,0.0,1,0.43886992369145444,0,0,False,-1540.0,1540.0
187,364,66.81428118422805,14,11.0,622.0,2,0.993195161366376,0,0,False,-918.0,918.0
187,605,292.1999332189358,72,69.0,482.0,3,0.9984343329882225,0,0,False,-436.0,436.0
187,862,23109.41479055516,14,11.0,514.0,4,0.9831377127394924,0,0,True,78.0,78.0
187,1332,22387.750606659734,15,12.0,940.0,5,0.9902750082125051,0,0,True,80.0,80.0
187,1804,22886.23161691323,15,12.0,944.0,6,0.9807564906000825,0,0,True,80.0,80.0
187,2264,21870.33796370474,14,11.0,920.0,7,0.9792079583480401,0,0,True,80.0,80.0
187,2694,20790.38895806969,15,12.0,860.0,8,0.983200891302946,0,0,True,80.0,80.0
187,3110,21830.814962072003,15,12.0,832.0,9,0.9841752343182835,0,0,True,80.0,80.0
187,3541,22280.01295871224,15,12.0,862.0,10,0.9832465454183246,0,0,True,80.0,80.0
187,4019,22387.765834862024,15,12.0,956.0,11,0.9841439580521721,0,0,True,80.0,80.0
187,4525,23235.48657262132,21,18.0,1012.0,12,0.9857657057483487,0,0,True,94.0,94.0
187,4978,20825.743951328004,15,12.0,906.0,13,0.9858794542873895,0,0,False,1000.0,1000.0
188,53,3002.0919430483164,33,30.0,0.0,1,0.43886992369145444,0,0,False,-736.0,736.0
188,301,305.3545399022534,67,64.0,496.0,2,0.9971512253986708,0,0,False,-240.0,240.0
188,578,672.5137227318235,19,16.0,554.0,3,0.9989715466931791,0,0,False,314.0,314.0
188,820,641.1326951228044,118,115.0,484.0,4,0.9991854859271929,0,0,False,158.0,158.0
188,1063,774.4931688126183,34,31.0,486.0,5,0.9942956461922035,0,0,True,-12.0,12.0
188,1364,782.6468104741425,13,10.0,602.0,6,0.9875160318932931,0,0,True,-52.0,52.0
188,1678,737.2662399734038,14,11.0,628.0,7,0.9803991826003633,0,0,True,-48.0,48.0
188,1996,713.3452461416889,14,11.0,636.0,8,0.9732454349733316,0,0,True,-54.0,54.0
188,2331,755.1677708458972,14,11.0,670.0,9,0.9654524246728562,0,0,True,-48.0,48.0
188,2696,693.2129156410855,13,10.0,730.0,10,0.9652730990612727,0,0,True,-52.0,52.0
188,3029,667.5741878307302,16,13.0,666.0,11,0.9581815972917269,0,0,True,-48.0,48.0
188,3358,768.4352448597765,14,11.0,658.0,12,0.9491450862021963,0,0,True,-50.0,50.0
188,3685,757.7954227753545,14,11.0,654.0,13,0.9410642490857624,0,0,True,-54.0,54.0
188,4024,667.7604347691897,15,12.0,678.0,14,0.934357792291733,0,0,True,-50.0,50.0
188,4348,735.622730654957,14,11.0,648.0,15,0.9261955100258715,0,0,True,-50.0,50.0
188,4661,730.2248225126983,14,11.0,626.0,16,0.9193172717757773,0,0,True,-52.0,52.0
188,4979,605.738569109502,15,12.0,636.0,17,0.9144854540375615,0,0,False,584.0,584.0
189,51,220.21588024730235,31,28.0,0.0,1,0.4393114895774276,0,0,False,-1298.0,1298.0
189,319,1227.2396596033475,17,14.0,536.0,2,0.9999993294020719,0,0,False,-762.0,762.0
189,738,15871.593103471494,13,10.0,838.0,3,0.9963308878856307,0,0,True,76.0,76.0
189,1242,3545.023337313925,8,5.0,1008.0,4,0.9911275605671467,0,0,True,40.0,40.0
189,1846,17280.770861775592,25,22.0,1208.0,5,0.9856433212189832,0,0,True,102.0,102.0
189,2471,17377.923274614302,25,22.0,1250.0,6,0.9884140019749517,0,0,True,102.0,102.0
189,3007,17202.434028495656,13,10.0,1072.0,7,0.9810552255618645,0,0,True,76.0,76.0
189,3532,18925.99069241125,12,9.0,1050.0,8,0.9791800668070227,0,0,True,74.0,74.0
189,4109,19975.917166139818,24,21.0,1154.0,9,0.9812645089703472,0,0,True,100.0,100.0
189,4685,16085.566808083662,12,9.0,1152.0,10,0.9840913258163329,0,0,True,74.0,74.0
190,55,141.29032931594563,26,23.0,0.0,1,0.43847141047936367,0,0,False,-1098.0,1098.0
190,304,183.9434482297815,18,15.0,498.0,2,0.9999983261344383,0,0,False,-600.0,600.0
190,624,5757.819968587928,11,8.0,640.0,3,0.9958275747720979,0,0,True,40.0,40.0
190,1064,5189.685244388778,10,7.0,880.0,4,0.9888278476185232,0,0,True,40.0,40.0
190,1486,6404.392632893449,10,7.0,844.0,5,0.9855257956779508,0,0,True,40.0,40.0
190,1893,7472.993709185486,10,7.0,814.0,6,0.9807308200833184,0,0,True,40.0,40.0
190,2276,8283.454827401201,10,7.0,766.0,7,0.980271275002009,0,0,True,40.0,40.0
190,2643,9310.943849214698,10,7.0,734.0,8,0.9757906493666063,0,0,True,40.0,40.0
190,2994,9511.033357712686,10,7.0,702.0,9,0.9731916504785275,0,0,True,40.0,40.0
190,3321,9306.902775708002,10,7.0,654.0,10,0.9687360756776291,0,0,True,42.0,42.0
190,3661,9893.852735096752,10,7.0,680.0,11,0.9723436088934402,0,0,True,40.0,40.0
190,4007,9044.365059445827,10,7.0,692.0,12,0.9750214792814124,0,0,True,40.0,40.0
190,4351,8830.513026263183,9,6.0,688.0,13,0.973997141173886,0,0,True,40.0,40.0
190,4672,7943.458013248999,10,7.0,642.0,14,0.9740192021172738,0,0,True,38.0,38.0
190,4992,7702.093866339756,10,7.0,640.0,15,0.9728961552897993,0,0,False,678.0,678.0
191,56,213.59287233935675,31,28.0,0.0,1,0.43828697039017805,0,0,False,-1566.0,1566.0
191,317,209.6642666215643,14,11.0,522.0,2,0.9826462794954056,0,0,False,-1044.0,1044.0
191,574,327.78689542206956,69,66.0,514.0,3,0.9988632024253251,0,0,False,-530.0,530.0
191,830,224.139819764989,33,30.0,512.0,4,0.995219140086692,0,0,True,-18.0,18.0
191,1294,264.60359135354895,15,12.0,928.0,5,0.9890582817998564,0,0,True,-54.0,54.0
191,1550,345.17893251012435,69,66.0,512.0,6,0.9873425535823682,0,0,False,458.0,458.0
191,1799,236.29976927986377,33,30.0,498.0,7,0.9886949800771545,0,0,True,-20.0,20.0
191,2270,272.0566694784517,15,12.0,942.0,8,0.9873608572560595,0,0,True,-56.0,56.0
191,2527,338.9586595714541,70,67.0,514.0,9,0.9902242995014424,0,0,False,458.0,458.0
191,2768,208.94061361646624,33,30.0,482.0,10,0.9890985905701815,0,0,True,-18.0,18.0
191,3234,234.12445691603483,15,12.0,932.0,11,0.9879710299181369,0,0,True,-52.0,52.0
191,3490,375.6121815851879,69,66.0,512.0,12,0.9888588372752661,0,0,False,460.0,460.0
191,3741,222.78311482237547,34,31.0,502.0,13,0.9894440086548606,0,0,True,-20.0,20.0
191,4217,212.18264961097884,14,11.0,952.0,14,0.9897852055748108,0,0,True,-56.0,56.0
191,4474,328.0886445054829,69,66.0,514.0,15,0.9903313566948828,0,0,False,458.0,458.0
191,4777,30460.257193735848,16,13.0,606.0,16,0.9817235732170438,0,0,False,1064.0,1064.0
192,60,734.6177273513129,20,17.0,0.0,1,0.437636933198104,0,0,False,-1942.0,1942.0
192,301,36.818045736942715,120,118.0,482.0,2,0.9999972335074852,0,0,False,-1460.0,1460.0
192,543,10209.52001346775,14,11.0,484.0,3,0.9970010037612638,0,0,False,-976.0,976.0
192,999,3228.819310359091,14,11.0,912.0,4,0.9773696371589516,0,0,True,-64.0,64.0
192,1264,1740.3721403761233,71,68.0,530.0,5,0.9745401660847846,0,0,False,466.0,466.0
192,1506,2304.385918777875,16,13.0,484.0,6,0.9608545853371377,0,0,True,-70.0,70.0
192,1770,1737.8988418225624,67,64.0,528.0,7,0.9586817020812202,0,0,False,458.0,458.0
192,2012,2580.2422410068284,15,12.0,484.0,8,0.9560201291022252,0,0,True,-64.0,64.0
192,2275,2249.9890838966744,67,64.0,526.0,9,0.9540754059159164,0,0,False,462.0,462.0
192,2533,4131.950141657084,33,30.0,516.0,10,0.9527081472200206,0,0,True,-24.0,24.0
192,2779,2316.572884603702,70,67.0,492.0,11,0.9527592813397063,0,0,False,468.0,468.0
192,3023,3335.102821807165,34,31.0,488.0,12,0.9502431751855578,0,0,True,-24.0,24.0
192,3266,1735.1115488200314,73,70.0,486.0,13,0.9489098736615471,0,0,False,462.0,462.0
192,3508,4715.681290383147,35,32.0,484.0,14,0.945861448701587,0,0,True,-26.0,26.0
192,3753,1987.1657251796655,67,64.0,490.0,15,0.9482853354541925,0,0,False,464.0,464.0
192,3993,3629.361438073869,34,31.0,480.0,16,0.9436369116211323,0,0,True,-26.0,26.0
192,4238,2072.1457902950247,69,66.0,490.0,17,0.9463973907899861,0,0,False,464.0,464.0
192,4484,2185.5242874278174,36,33.0,492.0,18,0.949749785153525,0,0,True,-26.0,26.0
192,4730,2351.045908480768,67,64.0,492.0,19,0.9487716355564711,0,0,False,466.0,466.0
193,47,12.674507213200318,25,22.0,0.0,1,0.4403428863261499,0,0,False,-1126.0,1126.0
193,295,794.7967658320836,20,17.0,496.0,2,0.9999981252557739,0,0,False,-630.0,630.0
193,630,6887.047516012755,10,7.0,670.0,3,0.9979552555811141,0,0,True,40.0,40.0
193,1131,26298.62812049203,16,13.0,1002.0,4,0.9812873379632776,0,0,True,84.0,84.0
193,1622,25486.860771396092,16,13.0,982.0,5,0.9806159094378971,0,0,True,84.0,84.0
193,2110,24900.680894664772,16,13.0,976.0,6,0.9838900362626095,0,0,True,84.0,84.0
193,2582,26275.283108914784,16,13.0,944.0,7,0.9841906788078018,0,0,True,84.0,84.0
193,3050,26944.92588337888,17,14.0,936.0,8,0.9844761719532771,0,0,True,86.0,86.0
193,3525,26716.459534925198,16,13.0,950.0,9,0.9859955741392507,0,0,True,84.0,84.0
193,4009,26749.097452036473,17,14.0,968.0,10,0.9871777064344189,0,0,True,84.0,84.0
193,4471,27812.453351093187,16,13.0,924.0,11,0.9866924552404596,0,0,True,86.0,86.0
193,4955,26237.634480204135,17,14.0,968.0,12,0.9880733245755738,0,0,False,1054.0,1054.0
194,53,85.4772990144797,15,12.0,0.0,1,0.43886992369145444,0,0,False,-1180.0,1180.0
194,323,342.2253151597564,14,11.0,540.0,2,0.9999993971553817,0,0,False,-640.0,640.0
194,663,8963.12491760644,9,6.0,680.0,3,0.9956421660867356,0,0,True,40.0,40.0
194,1209,32936.5122149554,17,14.0,1092.0,4,0.9896824755117878,0,0,True,86.0,86.0
194,1743,31440.22656762912,16,13.0,1068.0,5,0.990077962942885,0,0,True,84.0,84.0
194,2223,9725.243939040554,10,7.0,960.0,6,0.9895345017975872,0,0,True,40.0,40.0
194,2758,32640.559491019754,16,13.0,1070.0,7,0.9872569634511005,0,0,True,84.0,84.0
194,3268,9392.685543141248,9,6.0,1020.0,8,0.9891565477733597,0,0,True,40.0,40.0
194,3788,32306.83337128858,16,13.0,1040.0,9,0.9869320843513482,0,0,True,84.0,84.0
194,4276,32092.507955607707,16,13.0,976.0,10,0.9900477219109074,0,0,True,84.0,84.0
194,4816,32035.877909889445,16,13.0,1080.0,11,0.9899455808409496,0,0,False,1164.0,1164.0
195,52,126.6500138196574,22,19.0,0.0,1,0.4390850455333388,0,0,False,-1120.0,1120.0
195,320,433.75319788369836,20,17.0,536.0,2,0.9999993419006769,0,0,False,-584.0,584.0
195,632,6891.670340587079,10,7.0,624.0,3,0.9961615011630979,0,0,True,40.0,40.0
195,1078,6677.915539248887,10,7.0,892.0,4,0.9830479064591984,0,0,True,40.0,40.0
195,1490,6481.974175560236,10,7.0,824.0,5,0.974735051569369,0,0,True,40.0,40.0
195,1914,6742.998649971293,10,7.0,848.0,6,0.9711391148367698,0,0,True,40.0,40.0
195,2378,6761.88221707279,10,7.0,928.0,7,0.9694219345154819,0,0,True,40.0,40.0
195,2844,6890.30857807258,9,6.0,932.0,8,0.9703762766753249,0,0,True,40.0,40.0
195,3313,6877.8184310543,9,6.0,938.0,9,0.9703142427276656,0,0,True,38.0,38.0
195,3763,6446.71739220418,10,7.0,900.0,10,0.9710848047201397,0,0,True,40.0,40.0
195,4163,6673.222821325352,10,7.0,800.0,11,0.970323392358963,0,0,True,40.0,40.0
195,4594,6948.505921789654,10,7.0,862.0,12,0.9708542726397373,0,0,False,902.0,902.0
196,54,584.0723651301442,18,15.0,0.0,1,0.4386655579416643,0,0,False,-1348.0,1348.0
196,295,1160.8426698620137,15,12.0,482.0,2,0.9999941889885534,0,0,False,-866.0,866.0
196,547,177.69734194696576,74,71.0,504.0,3,0.999999476922799,0,0,False,-362.0,362.0
196,789,12584.502791283152,39,36.0,484.0,4,0.9999998509953807,0,0,True,122.0,122.0
196,1096,1187.5961576419688,15,12.0,614.0,5,0.9960822974390924,0,0,True,-56.0,56.0
196,1477,1485.4835894290147,14,11.0,762.0,6,0.9886345465623262,0,0,True,-62.0,62.0
196,1878,1313.606698975386,15,12.0,802.0,7,0.9787794731661278,0,0,True,-60.0,60.0
196,2277,1219.2096923246877,14,11.0,798.0,8,0.9753553011072229,0,0,True,-60.0,60.0
196,2665,1140.101518361976,13,10.0,776.0,9,0.9706302955588473,0,0,True,-58.0,58.0
196,3052,1354.4176683229937,14,11.0,774.0,10,0.9637336548196933,0,0,True,-58.0,58.0
196,3456,1211.5549820067604,14,11.0,808.0,11,0.9590983475815656,0,0,True,-60.0,60.0
196,3864,972.4833431320801,15,12.0,816.0,12,0.954994219467248,0,0,True,-60.0,60.0
196,4280,1042.7411401807212,16,13.0,832.0,13,0.9497914154449214,0,0,True,-58.0,58.0
196,4687,1041.8296561812756,15,12.0,814.0,14,0.9471588965532596,0,0,False,756.0,756.0
197,53,37.18146278275752,30,27.0,0.0,1,0.43886992369145444,0,0,False,-982.0,982.0
197,318,308.84648556752575,21,18.0,530.0,2,0.9999992438854497,0,0,False,-452.0,452.0
197,563,4094.9529191152433,10,7.0,490.0,3,0.9958007619988898,0,0,True,38.0,38.0
197,900,4096.901921102481,10,7.0,674.0,4,0.9887167775752952,0,0,True,40.0,40.0
197,1238,4532.465946052211,9,6.0,676.0,5,0.982654456071482,0,0,True,38.0,38.0
197,1607,4555.064846309681,10,7.0,738.0,6,0.9765440479589441,0,0,True,38.0,38.0
197,1974,4324.039936775853,9,6.0,734.0,7,0.9726472918145518,0,0,True,38.0,38.0
197,2350,4145.968450899734,10,7.0,752.0,8,0.9701578776476762,0,0,True,36.0,36.0
197,2717,4493.487533318289,9,6.0,734.0,9,0.9679453173077613,0,0,True,38.0,38.0
197,3109,4812.477468845545,9,6.0,784.0,10,0.9656523741583423,0,0,True,38.0,38.0
197,3533,4698.551931442302,10,7.0,848.0,11,0.9673166300151365,0,0,True,38.0,38.0
197,3976,4220.6118898092045,9,6.0,886.0,12,0.967847830026733,0,0,True,36.0,36.0
197,4364,4161.306108459228,10,7.0,776.0,13,0.9668652619513516,0,0,True,36.0,36.0
197,4747,22500.037180682724,12,9.0,766.0,14,0.9656718365534425,0,0,False,802.0,802.0
198,53,3.8861272485671536,32,29.0,0.0,1,0.43886992369145444,0,0,False,-1262.0,1262.0
198,357,78.3738817641104,16,13.0,608.0,2,0.9999997881032526,0,0,False,-654.0,654.0
198,733,24291.543487027968,23,20.0,752.0,3,0.9967928565703015,0,0,True,98.0,98.0
198,1195,6593.758814226652,9,6.0,924.0,4,0.9855522025693904,0,0,True,40.0,40.0
198,1712,28029.413203698048,14,11.0,1034.0,5,0.978612605685428,0,0,True,80.0,80.0
198,2191,6955.405372035896,9,6.0,958.0,6,0.9745053835435838,0,0,True,40.0,40.0
198,2678,5746.0324276478805,9,6.0,974.0,7,0.9738652303479668,0,0,True,42.0,42.0
198,3175,6375.831932425753,9,6.0,994.0,8,0.9765388375906274,0,0,True,40.0,40.0
198,3711,28599.175873270833,23,20.0,1072.0,9,0.9733957970838667,0,0,True,98.0,98.0
198,4217,30152.204886674368,22,19.0,1012.0,10,0.9792556558413853,0,0,True,96.0,96.0
198,4705,25089.50185003737,22,19.0,976.0,11,0.9798105042984638,0,0,False,1072.0,1072.0
199,50,744.0929850793391,19,16.0,0.0,1,0.43954985172910005,0,0,False,-960.0,960.0
199,295,142.12192355534077,80,77.0,490.0,2,0.999995924924096,0,0,False,-470.0,470.0
199,551,8630.56968220733,10,7.0,512.0,3,0.993323955147178,0,0,True,42.0,42.0
199,1054,204.19075759770638,16,13.0,1006.0,4,0.9924316064203017,0,0,True,-26.0,26.0
199,1544,311.99917710834194,15,12.0,980.0,5,0.9831320146346195,0,0,True,-30.0,30.0
199,2048,284.5200089613842,15,12.0,1008.0,6,0.9737918444264813,0,0,True,-28.0,28.0
199,2510,284.8880689632816,15,12.0,924.0,7,0.9686132042810905,0,0,True,-30.0,30.0
199,3074,239.76737128145078,15,12.0,1128.0,8,0.9693586490938931,0,0,True,-28.0,28.0
199,3643,215.35225010157723,16,13.0,1138.0,9,0.9669831742790911,0,0,True,-26.0,26.0
199,4167,313.6315124804867,14,11.0,1048.0,10,0.9652205132103016,0,0,True,-34.0,34.0
199,4666,427.8011418714741,16,13.0,998.0,11,0.9692352147204557,0,0,False,964.0,964.0
200,49,68.43851831529055,20,17.0,0.0,1,0.43980075925717627,0,0,False,-962.0,962.0
200,333,2.9393418438354173,120,118.0,568.0,2,0.9999982264568046,0,0,False,-394.0,394.0
200,579,16032.757964057551,24,21.0,492.0,3,0.9957132099019289,0,0,True,98.0,98.0
200,1053,15642.447256367295,14,11.0,948.0,4,0.9950056276998535,0,0,True,78.0,78.0
200,1532,14717.097619083364,13,10.0,958.0,5,0.9884544495896515,0,0,True,78.0,78.0
200,1999,14609.10523957163,14,11.0,934.0,6,0.9866266026333668,0,0,True,78.0,78.0
200,2471,15779.554275314027,14,11.0,944.0,7,0.9866282524262581,0,0,True,78.0,78.0
200,2946,15434.822361705203,13,10.0,950.0,8,0.9773806560012064,0,0,True,78.0,78.0
200,3431,15624.307374254413,24,21.0,970.0,9,0.9783944196833579,0,0,True,98.0,98.0
200,3898,15927.671856888046,13,10.0,934.0,10,0.9791556072346475,0,0,True,78.0,78.0
200,4380,15612.693848259592,14,11.0,964.0,11,0.979865412956183,0,0,True,78.0,78.0
200,4836,3063.464074204095,9,6.0,912.0,12,0.9815364748868536,0,0,False,990.0,990.0
